timestamp,household_id,person_id,room,motion,door,light,tv_on,power_kw,activity
2026-08-03 07:05:00,H_SINGLE_001,P001,Bedroom,Yes,No,No,No,0.03,Sleeping
2026-08-03 07:23:00,H_SINGLE_001,P001,Kitchen,Yes,No,Yes,No,0.35,Eating
2026-08-03 07:57:00,H_SINGLE_001,P001,Living Room,Yes,No,Yes,No,0.16,Working
2026-08-03 10:30:00,H_SINGLE_001,P001,Living Room,Yes,No,Yes,No,0.19,Working
2026-08-03 13:01:00,H_SINGLE_001,P001,Kitchen,Yes,No,Yes,No,0.35,Eating
2026-08-03 13:28:00,H_SINGLE_001,P001,Living Room,Yes,No,Yes,No,0.16,Working
2026-08-03 17:29:00,H_SINGLE_001,P001,Living Room,Yes,No,Yes,No,0.27,Exercise
2026-08-03 18:13:00,H_SINGLE_001,P001,Living Room,Yes,No,Yes,No,0.14,Relaxing
2026-08-03 19:35:00,H_SINGLE_001,P001,Living Room,Yes,No,Yes,Yes,0.32,Watching TV
2026-08-03 20:27:00,H_SINGLE_001,P001,Kitchen,Yes,No,Yes,No,0.93,Cooking
2026-08-03 21:03:00,H_SINGLE_001,P001,Kitchen,Yes,No,Yes,No,0.29,Eating
2026-08-03 22:33:00,H_SINGLE_001,P001,Living Room,Yes,No,Yes,No,0.12,Relaxing
2026-08-03 22:58:00,H_SINGLE_001,P001,Bedroom,Yes,No,No,No,0.04,Sleeping
2026-08-04 07:01:00,H_SINGLE_001,P001,Bedroom,Yes,No,No,No,0.03,Sleeping
2026-08-04 07:19:00,H_SINGLE_001,P001,Kitchen,Yes,No,Yes,No,0.29,Eating
2026-08-04 08:04:00,H_SINGLE_001,P001,Living Room,Yes,No,Yes,No,0.17,Working
2026-08-04 10:26:00,H_SINGLE_001,P001,Living Room,Yes,No,Yes,No,0.2,Working
2026-08-04 12:57:00,H_SINGLE_001,P001,Kitchen,Yes,No,Yes,No,0.29,Eating
2026-08-04 13:35:00,H_SINGLE_001,P001,Living Room,Yes,No,Yes,No,0.17,Working
2026-08-04 17:25:00,H_SINGLE_001,P001,Living Room,Yes,No,Yes,No,0.28,Exercise
2026-08-04 18:20:00,H_SINGLE_001,P001,Living Room,Yes,No,Yes,No,0.15,Relaxing
2026-08-04 19:31:00,H_SINGLE_001,P001,Living Room,Yes,No,Yes,Yes,0.33,Watching TV
2026-08-04 20:34:00,H_SINGLE_001,P001,Kitchen,Yes,No,Yes,No,0.94,Cooking
2026-08-04 20:59:00,H_SINGLE_001,P001,Kitchen,Yes,No,Yes,No,0.3,Eating
2026-08-04 22:29:00,H_SINGLE_001,P001,Living Room,Yes,No,Yes,No,0.13,Relaxing
2026-08-04 23:05:00,H_SINGLE_001,P001,Bedroom,Yes,No,No,No,0.05,Sleeping
2026-08-05 06:57:00,H_SINGLE_001,P001,Bedroom,Yes,No,No,No,0.04,Sleeping
2026-08-05 07:15:00,H_SINGLE_001,P001,Kitchen,Yes,No,Yes,No,0.3,Eating
2026-08-05 08:00:00,H_SINGLE_001,P001,Living Room,Yes,No,Yes,No,0.18,Working
2026-08-05 10:33:00,H_SINGLE_001,P001,Living Room,Yes,No,Yes,No,0.14,Working
2026-08-05 13:04:00,H_SINGLE_001,P001,Kitchen,Yes,No,Yes,No,0.3,Eating
2026-08-05 13:31:00,H_SINGLE_001,P001,Living Room,Yes,No,Yes,No,0.18,Working
2026-08-05 17:32:00,H_SINGLE_001,P001,Living Room,Yes,No,Yes,No,0.22,Exercise
2026-08-05 18:16:00,H_SINGLE_001,P001,Living Room,Yes,No,Yes,No,0.09,Relaxing
2026-08-05 19:27:00,H_SINGLE_001,P001,Living Room,Yes,No,Yes,Yes,0.34,Watching TV
2026-08-05 20:30:00,H_SINGLE_001,P001,Kitchen,Yes,No,Yes,No,0.95,Cooking
2026-08-05 20:55:00,H_SINGLE_001,P001,Kitchen,Yes,No,Yes,No,0.31,Eating
2026-08-05 22:25:00,H_SINGLE_001,P001,Living Room,Yes,No,Yes,No,0.14,Relaxing
2026-08-05 23:01:00,H_SINGLE_001,P001,Bedroom,Yes,No,No,No,0.06,Sleeping
2026-08-06 07:04:00,H_SINGLE_001,P001,Bedroom,Yes,No,No,No,0.05,Sleeping
2026-08-06 07:22:00,H_SINGLE_001,P001,Kitchen,Yes,No,Yes,No,0.31,Eating
2026-08-06 07:56:00,H_SINGLE_001,P001,Living Room,Yes,No,Yes,No,0.19,Working
2026-08-06 10:29:00,H_SINGLE_001,P001,Living Room,Yes,No,Yes,No,0.15,Working
2026-08-06 13:00:00,H_SINGLE_001,P001,Kitchen,Yes,No,Yes,No,0.31,Eating
2026-08-06 13:27:00,H_SINGLE_001,P001,Living Room,Yes,No,Yes,No,0.19,Working
2026-08-06 17:28:00,H_SINGLE_001,P001,Living Room,Yes,No,Yes,No,0.23,Exercise
2026-08-06 18:12:00,H_SINGLE_001,P001,Living Room,Yes,No,Yes,No,0.1,Relaxing
2026-08-06 19:34:00,H_SINGLE_001,P001,Living Room,Yes,No,Yes,Yes,0.35,Watching TV
2026-08-06 20:26:00,H_SINGLE_001,P001,Kitchen,Yes,No,Yes,No,0.96,Cooking
2026-08-06 21:02:00,H_SINGLE_001,P001,Kitchen,Yes,No,Yes,No,0.32,Eating
2026-08-06 22:32:00,H_SINGLE_001,P001,Living Room,Yes,No,Yes,No,0.15,Relaxing
2026-08-06 22:57:00,H_SINGLE_001,P001,Bedroom,Yes,No,No,No,0.07,Sleeping
2026-08-07 07:00:00,H_SINGLE_001,P001,Bedroom,Yes,No,No,No,0.06,Sleeping
2026-08-07 07:18:00,H_SINGLE_001,P001,Kitchen,Yes,No,Yes,No,0.32,Eating
2026-08-07 08:03:00,H_SINGLE_001,P001,Living Room,Yes,No,Yes,No,0.2,Working
2026-08-07 10:25:00,H_SINGLE_001,P001,Living Room,Yes,No,Yes,No,0.16,Working
2026-08-07 12:56:00,H_SINGLE_001,P001,Kitchen,Yes,No,Yes,No,0.32,Eating
2026-08-07 13:34:00,H_SINGLE_001,P001,Living Room,Yes,No,Yes,No,0.2,Working
2026-08-07 17:35:00,H_SINGLE_001,P001,Living Room,Yes,No,Yes,No,0.24,Exercise
2026-08-07 18:19:00,H_SINGLE_001,P001,Living Room,Yes,No,Yes,No,0.11,Relaxing
2026-08-07 19:30:00,H_SINGLE_001,P001,Living Room,Yes,No,Yes,Yes,0.36,Watching TV
2026-08-07 20:33:00,H_SINGLE_001,P001,Kitchen,Yes,No,Yes,No,0.97,Cooking
2026-08-07 20:58:00,H_SINGLE_001,P001,Kitchen,Yes,No,Yes,No,0.33,Eating
2026-08-07 22:28:00,H_SINGLE_001,P001,Living Room,Yes,No,Yes,No,0.09,Relaxing
2026-08-07 23:04:00,H_SINGLE_001,P001,Bedroom,Yes,No,No,No,0.08,Sleeping
2026-08-08 07:04:00,H_SINGLE_001,P001,Bedroom,Yes,No,No,No,0.07,Sleeping
2026-08-08 07:33:00,H_SINGLE_001,P001,Kitchen,Yes,No,Yes,No,0.33,Eating
2026-08-08 07:59:00,H_SINGLE_001,P001,Living Room,Yes,No,Yes,No,0.21,Working
2026-08-08 10:32:00,H_SINGLE_001,P001,Living Room,Yes,No,Yes,No,0.17,Working
2026-08-08 13:11:00,H_SINGLE_001,P001,Kitchen,Yes,No,Yes,No,0.33,Eating
2026-08-08 13:30:00,H_SINGLE_001,P001,Living Room,Yes,No,Yes,No,0.21,Working
2026-08-08 17:31:00,H_SINGLE_001,P001,Living Room,Yes,No,Yes,No,0.25,Exercise
2026-08-08 18:15:00,H_SINGLE_001,P001,Living Room,Yes,No,Yes,No,0.12,Relaxing
2026-08-08 19:26:00,H_SINGLE_001,P001,Living Room,Yes,No,Yes,Yes,0.37,Watching TV
2026-08-08 20:29:00,H_SINGLE_001,P001,Kitchen,Yes,No,Yes,No,0.98,Cooking
2026-08-08 21:13:00,H_SINGLE_001,P001,Kitchen,Yes,No,Yes,No,0.34,Eating
2026-08-08 22:35:00,H_SINGLE_001,P001,Living Room,Yes,No,Yes,No,0.1,Relaxing
2026-08-08 23:08:00,H_SINGLE_001,P001,Bedroom,Yes,No,No,No,0.03,Sleeping
2026-08-09 07:11:00,H_SINGLE_001,P001,Bedroom,Yes,No,No,No,0.08,Sleeping
2026-08-09 07:29:00,H_SINGLE_001,P001,Kitchen,Yes,No,Yes,No,0.34,Eating
2026-08-09 07:55:00,H_SINGLE_001,P001,Living Room,Yes,No,Yes,No,0.15,Working
2026-08-09 10:28:00,H_SINGLE_001,P001,Living Room,Yes,No,Yes,No,0.18,Working
2026-08-09 13:07:00,H_SINGLE_001,P001,Kitchen,Yes,No,Yes,No,0.34,Eating
2026-08-09 13:26:00,H_SINGLE_001,P001,Living Room,Yes,No,Yes,No,0.15,Working
2026-08-09 17:27:00,H_SINGLE_001,P001,Living Room,Yes,No,Yes,No,0.26,Exercise
2026-08-09 18:11:00,H_SINGLE_001,P001,Living Room,Yes,No,Yes,No,0.13,Relaxing
2026-08-09 19:33:00,H_SINGLE_001,P001,Living Room,Yes,No,Yes,Yes,0.38,Watching TV
2026-08-09 20:25:00,H_SINGLE_001,P001,Kitchen,Yes,No,Yes,No,0.92,Cooking
2026-08-09 21:09:00,H_SINGLE_001,P001,Kitchen,Yes,No,Yes,No,0.35,Eating
2026-08-09 22:31:00,H_SINGLE_001,P001,Living Room,Yes,No,Yes,No,0.11,Relaxing
2026-08-09 23:04:00,H_SINGLE_001,P001,Bedroom,Yes,No,No,No,0.03,Sleeping
2026-08-10 06:59:00,H_SINGLE_001,P001,Bedroom,Yes,No,No,No,0.03,Sleeping
2026-08-10 07:17:00,H_SINGLE_001,P001,Kitchen,Yes,No,Yes,No,0.35,Eating
2026-08-10 08:02:00,H_SINGLE_001,P001,Living Room,Yes,No,Yes,No,0.16,Working
2026-08-10 10:35:00,H_SINGLE_001,P001,Living Room,Yes,No,Yes,No,0.19,Working
2026-08-10 12:55:00,H_SINGLE_001,P001,Kitchen,Yes,No,Yes,No,0.35,Eating
2026-08-10 13:33:00,H_SINGLE_001,P001,Living Room,Yes,No,Yes,No,0.16,Working
2026-08-10 17:34:00,H_SINGLE_001,P001,Living Room,Yes,No,Yes,No,0.27,Exercise
2026-08-10 18:18:00,H_SINGLE_001,P001,Living Room,Yes,No,Yes,No,0.14,Relaxing
2026-08-10 19:29:00,H_SINGLE_001,P001,Living Room,Yes,No,Yes,Yes,0.32,Watching TV
2026-08-10 20:32:00,H_SINGLE_001,P001,Kitchen,Yes,No,Yes,No,0.93,Cooking
2026-08-10 20:57:00,H_SINGLE_001,P001,Kitchen,Yes,No,Yes,No,0.29,Eating
2026-08-10 22:27:00,H_SINGLE_001,P001,Living Room,Yes,No,Yes,No,0.12,Relaxing
2026-08-10 23:03:00,H_SINGLE_001,P001,Bedroom,Yes,No,No,No,0.04,Sleeping
2026-08-11 06:55:00,H_SINGLE_001,P001,Bedroom,Yes,No,No,No,0.03,Sleeping
2026-08-11 07:24:00,H_SINGLE_001,P001,Kitchen,Yes,No,Yes,No,0.29,Eating
2026-08-11 07:58:00,H_SINGLE_001,P001,Living Room,Yes,No,Yes,No,0.17,Working
2026-08-11 10:31:00,H_SINGLE_001,P001,Living Room,Yes,No,Yes,No,0.2,Working
2026-08-11 13:02:00,H_SINGLE_001,P001,Kitchen,Yes,No,Yes,No,0.29,Eating
2026-08-11 13:29:00,H_SINGLE_001,P001,Living Room,Yes,No,Yes,No,0.17,Working
2026-08-11 17:30:00,H_SINGLE_001,P001,Living Room,Yes,No,Yes,No,0.28,Exercise
2026-08-11 18:14:00,H_SINGLE_001,P001,Living Room,Yes,No,Yes,No,0.15,Relaxing
2026-08-11 19:25:00,H_SINGLE_001,P001,Living Room,Yes,No,Yes,Yes,0.33,Watching TV
2026-08-11 20:28:00,H_SINGLE_001,P001,Kitchen,Yes,No,Yes,No,0.94,Cooking
2026-08-11 21:04:00,H_SINGLE_001,P001,Kitchen,Yes,No,Yes,No,0.3,Eating
2026-08-11 22:34:00,H_SINGLE_001,P001,Living Room,Yes,No,Yes,No,0.13,Relaxing
2026-08-11 22:59:00,H_SINGLE_001,P001,Bedroom,Yes,No,No,No,0.05,Sleeping
2026-08-12 07:02:00,H_SINGLE_001,P001,Bedroom,Yes,No,No,No,0.04,Sleeping
2026-08-12 07:20:00,H_SINGLE_001,P001,Kitchen,Yes,No,Yes,No,0.3,Eating
2026-08-12 08:05:00,H_SINGLE_001,P001,Living Room,Yes,No,Yes,No,0.18,Working
2026-08-12 10:27:00,H_SINGLE_001,P001,Living Room,Yes,No,Yes,No,0.14,Working
2026-08-12 12:58:00,H_SINGLE_001,P001,Kitchen,Yes,No,Yes,No,0.3,Eating
2026-08-12 13:25:00,H_SINGLE_001,P001,Living Room,Yes,No,Yes,No,0.18,Working
2026-08-12 17:26:00,H_SINGLE_001,P001,Living Room,Yes,No,Yes,No,0.22,Exercise
2026-08-12 18:10:00,H_SINGLE_001,P001,Living Room,Yes,No,Yes,No,0.09,Relaxing
2026-08-12 19:32:00,H_SINGLE_001,P001,Living Room,Yes,No,Yes,Yes,0.34,Watching TV
2026-08-12 20:35:00,H_SINGLE_001,P001,Kitchen,Yes,No,Yes,No,0.95,Cooking
2026-08-12 21:00:00,H_SINGLE_001,P001,Kitchen,Yes,No,Yes,No,0.31,Eating
2026-08-12 22:30:00,H_SINGLE_001,P001,Living Room,Yes,No,Yes,No,0.14,Relaxing
2026-08-12 22:55:00,H_SINGLE_001,P001,Bedroom,Yes,No,No,No,0.06,Sleeping
2026-08-13 06:58:00,H_SINGLE_001,P001,Bedroom,Yes,No,No,No,0.05,Sleeping
2026-08-13 07:16:00,H_SINGLE_001,P001,Kitchen,Yes,No,Yes,No,0.31,Eating
2026-08-13 08:01:00,H_SINGLE_001,P001,Living Room,Yes,No,Yes,No,0.19,Working
2026-08-13 10:34:00,H_SINGLE_001,P001,Living Room,Yes,No,Yes,No,0.15,Working
2026-08-13 13:05:00,H_SINGLE_001,P001,Kitchen,Yes,No,Yes,No,0.31,Eating
2026-08-13 13:32:00,H_SINGLE_001,P001,Living Room,Yes,No,Yes,No,0.19,Working
2026-08-13 17:33:00,H_SINGLE_001,P001,Living Room,Yes,No,Yes,No,0.23,Exercise
2026-08-13 18:17:00,H_SINGLE_001,P001,Living Room,Yes,No,Yes,No,0.1,Relaxing
2026-08-13 19:28:00,H_SINGLE_001,P001,Living Room,Yes,No,Yes,Yes,0.35,Watching TV
2026-08-13 20:31:00,H_SINGLE_001,P001,Kitchen,Yes,No,Yes,No,0.96,Cooking
2026-08-13 20:56:00,H_SINGLE_001,P001,Kitchen,Yes,No,Yes,No,0.32,Eating
2026-08-13 22:26:00,H_SINGLE_001,P001,Living Room,Yes,No,Yes,No,0.15,Relaxing
2026-08-13 23:02:00,H_SINGLE_001,P001,Bedroom,Yes,No,No,No,0.07,Sleeping
2026-08-14 07:05:00,H_SINGLE_001,P001,Bedroom,Yes,No,No,No,0.06,Sleeping
2026-08-14 07:23:00,H_SINGLE_001,P001,Kitchen,Yes,No,Yes,No,0.32,Eating
2026-08-14 07:57:00,H_SINGLE_001,P001,Living Room,Yes,No,Yes,No,0.2,Working
2026-08-14 10:30:00,H_SINGLE_001,P001,Living Room,Yes,No,Yes,No,0.16,Working
2026-08-14 13:01:00,H_SINGLE_001,P001,Kitchen,Yes,No,Yes,No,0.32,Eating
2026-08-14 13:28:00,H_SINGLE_001,P001,Living Room,Yes,No,Yes,No,0.2,Working
2026-08-14 17:29:00,H_SINGLE_001,P001,Living Room,Yes,No,Yes,No,0.24,Exercise
2026-08-14 18:13:00,H_SINGLE_001,P001,Living Room,Yes,No,Yes,No,0.11,Relaxing
2026-08-14 19:35:00,H_SINGLE_001,P001,Living Room,Yes,No,Yes,Yes,0.36,Watching TV
2026-08-14 20:27:00,H_SINGLE_001,P001,Kitchen,Yes,No,Yes,No,0.97,Cooking
2026-08-14 21:03:00,H_SINGLE_001,P001,Kitchen,Yes,No,Yes,No,0.33,Eating
2026-08-14 22:33:00,H_SINGLE_001,P001,Living Room,Yes,No,Yes,No,0.09,Relaxing
2026-08-14 22:58:00,H_SINGLE_001,P001,Bedroom,Yes,No,No,No,0.08,Sleeping
2026-08-15 07:09:00,H_SINGLE_001,P001,Bedroom,Yes,No,No,No,0.07,Sleeping
2026-08-15 07:27:00,H_SINGLE_001,P001,Kitchen,Yes,No,Yes,No,0.33,Eating
2026-08-15 08:04:00,H_SINGLE_001,P001,Living Room,Yes,No,Yes,No,0.21,Working
2026-08-15 10:26:00,H_SINGLE_001,P001,Living Room,Yes,No,Yes,No,0.17,Working
2026-08-15 13:05:00,H_SINGLE_001,P001,Kitchen,Yes,No,Yes,No,0.33,Eating
2026-08-15 13:35:00,H_SINGLE_001,P001,Living Room,Yes,No,Yes,No,0.21,Working
2026-08-15 17:25:00,H_SINGLE_001,P001,Living Room,Yes,No,Yes,No,0.25,Exercise
2026-08-15 18:20:00,H_SINGLE_001,P001,Living Room,Yes,No,Yes,No,0.12,Relaxing
2026-08-15 19:31:00,H_SINGLE_001,P001,Living Room,Yes,No,Yes,Yes,0.37,Watching TV
2026-08-15 20:34:00,H_SINGLE_001,P001,Kitchen,Yes,No,Yes,No,0.98,Cooking
2026-08-15 21:07:00,H_SINGLE_001,P001,Kitchen,Yes,No,Yes,No,0.34,Eating
2026-08-15 22:29:00,H_SINGLE_001,P001,Living Room,Yes,No,Yes,No,0.1,Relaxing
2026-08-15 23:13:00,H_SINGLE_001,P001,Bedroom,Yes,No,No,No,0.03,Sleeping
2026-08-16 07:05:00,H_SINGLE_001,P001,Bedroom,Yes,No,No,No,0.08,Sleeping
2026-08-16 07:23:00,H_SINGLE_001,P001,Kitchen,Yes,No,Yes,No,0.34,Eating
2026-08-16 08:00:00,H_SINGLE_001,P001,Living Room,Yes,No,Yes,No,0.15,Working
2026-08-16 10:33:00,H_SINGLE_001,P001,Living Room,Yes,No,Yes,No,0.18,Working
2026-08-16 13:12:00,H_SINGLE_001,P001,Kitchen,Yes,No,Yes,No,0.34,Eating
2026-08-16 13:31:00,H_SINGLE_001,P001,Living Room,Yes,No,Yes,No,0.15,Working
2026-08-16 17:32:00,H_SINGLE_001,P001,Living Room,Yes,No,Yes,No,0.26,Exercise
2026-08-16 18:16:00,H_SINGLE_001,P001,Living Room,Yes,No,Yes,No,0.13,Relaxing
2026-08-16 19:27:00,H_SINGLE_001,P001,Living Room,Yes,No,Yes,Yes,0.38,Watching TV
2026-08-16 20:30:00,H_SINGLE_001,P001,Kitchen,Yes,No,Yes,No,0.92,Cooking
2026-08-16 21:03:00,H_SINGLE_001,P001,Kitchen,Yes,No,Yes,No,0.35,Eating
2026-08-16 22:25:00,H_SINGLE_001,P001,Living Room,Yes,No,Yes,No,0.11,Relaxing
2026-08-16 23:09:00,H_SINGLE_001,P001,Bedroom,Yes,No,No,No,0.03,Sleeping
2026-08-17 07:04:00,H_SINGLE_001,P001,Bedroom,Yes,No,No,No,0.03,Sleeping
2026-08-17 07:22:00,H_SINGLE_001,P001,Kitchen,Yes,No,Yes,No,0.35,Eating
2026-08-17 07:56:00,H_SINGLE_001,P001,Living Room,Yes,No,Yes,No,0.16,Working
2026-08-17 10:29:00,H_SINGLE_001,P001,Living Room,Yes,No,Yes,No,0.19,Working
2026-08-17 13:00:00,H_SINGLE_001,P001,Kitchen,Yes,No,Yes,No,0.35,Eating
2026-08-17 13:27:00,H_SINGLE_001,P001,Living Room,Yes,No,Yes,No,0.16,Working
2026-08-17 17:28:00,H_SINGLE_001,P001,Living Room,Yes,No,Yes,No,0.27,Exercise
2026-08-17 18:12:00,H_SINGLE_001,P001,Living Room,Yes,No,Yes,No,0.14,Relaxing
2026-08-17 19:34:00,H_SINGLE_001,P001,Living Room,Yes,No,Yes,Yes,0.32,Watching TV
2026-08-17 20:26:00,H_SINGLE_001,P001,Kitchen,Yes,No,Yes,No,0.93,Cooking
2026-08-17 21:02:00,H_SINGLE_001,P001,Kitchen,Yes,No,Yes,No,0.29,Eating
2026-08-17 22:32:00,H_SINGLE_001,P001,Living Room,Yes,No,Yes,No,0.12,Relaxing
2026-08-17 22:57:00,H_SINGLE_001,P001,Bedroom,Yes,No,No,No,0.04,Sleeping
2026-08-18 07:00:00,H_SINGLE_001,P001,Bedroom,Yes,No,No,No,0.03,Sleeping
2026-08-18 07:18:00,H_SINGLE_001,P001,Kitchen,Yes,No,Yes,No,0.29,Eating
2026-08-18 08:03:00,H_SINGLE_001,P001,Living Room,Yes,No,Yes,No,0.17,Working
2026-08-18 10:25:00,H_SINGLE_001,P001,Living Room,Yes,No,Yes,No,0.2,Working
2026-08-18 12:56:00,H_SINGLE_001,P001,Kitchen,Yes,No,Yes,No,0.29,Eating
2026-08-18 13:34:00,H_SINGLE_001,P001,Living Room,Yes,No,Yes,No,0.17,Working
2026-08-18 17:35:00,H_SINGLE_001,P001,Living Room,Yes,No,Yes,No,0.28,Exercise
2026-08-18 18:19:00,H_SINGLE_001,P001,Living Room,Yes,No,Yes,No,0.15,Relaxing
2026-08-18 19:30:00,H_SINGLE_001,P001,Living Room,Yes,No,Yes,Yes,0.33,Watching TV
2026-08-18 20:33:00,H_SINGLE_001,P001,Kitchen,Yes,No,Yes,No,0.94,Cooking
2026-08-18 20:58:00,H_SINGLE_001,P001,Kitchen,Yes,No,Yes,No,0.3,Eating
2026-08-18 22:28:00,H_SINGLE_001,P001,Living Room,Yes,No,Yes,No,0.13,Relaxing
2026-08-18 23:04:00,H_SINGLE_001,P001,Bedroom,Yes,No,No,No,0.05,Sleeping
2026-08-19 06:56:00,H_SINGLE_001,P001,Bedroom,Yes,No,No,No,0.04,Sleeping
2026-08-19 07:25:00,H_SINGLE_001,P001,Kitchen,Yes,No,Yes,No,0.3,Eating
2026-08-19 07:59:00,H_SINGLE_001,P001,Living Room,Yes,No,Yes,No,0.18,Working
2026-08-19 10:32:00,H_SINGLE_001,P001,Living Room,Yes,No,Yes,No,0.14,Working
2026-08-19 13:03:00,H_SINGLE_001,P001,Kitchen,Yes,No,Yes,No,0.3,Eating
2026-08-19 13:30:00,H_SINGLE_001,P001,Living Room,Yes,No,Yes,No,0.18,Working
2026-08-19 17:31:00,H_SINGLE_001,P001,Living Room,Yes,No,Yes,No,0.22,Exercise
2026-08-19 18:15:00,H_SINGLE_001,P001,Living Room,Yes,No,Yes,No,0.09,Relaxing
2026-08-19 19:26:00,H_SINGLE_001,P001,Living Room,Yes,No,Yes,Yes,0.34,Watching TV
2026-08-19 20:29:00,H_SINGLE_001,P001,Kitchen,Yes,No,Yes,No,0.95,Cooking
2026-08-19 21:05:00,H_SINGLE_001,P001,Kitchen,Yes,No,Yes,No,0.31,Eating
2026-08-19 22:35:00,H_SINGLE_001,P001,Living Room,Yes,No,Yes,No,0.14,Relaxing
2026-08-19 23:00:00,H_SINGLE_001,P001,Bedroom,Yes,No,No,No,0.06,Sleeping
2026-08-20 07:03:00,H_SINGLE_001,P001,Bedroom,Yes,No,No,No,0.05,Sleeping
2026-08-20 07:21:00,H_SINGLE_001,P001,Kitchen,Yes,No,Yes,No,0.31,Eating
2026-08-20 07:55:00,H_SINGLE_001,P001,Living Room,Yes,No,Yes,No,0.19,Working
2026-08-20 10:28:00,H_SINGLE_001,P001,Living Room,Yes,No,Yes,No,0.15,Working
2026-08-20 12:59:00,H_SINGLE_001,P001,Kitchen,Yes,No,Yes,No,0.31,Eating
2026-08-20 13:26:00,H_SINGLE_001,P001,Living Room,Yes,No,Yes,No,0.19,Working
2026-08-20 17:27:00,H_SINGLE_001,P001,Living Room,Yes,No,Yes,No,0.23,Exercise
2026-08-20 18:11:00,H_SINGLE_001,P001,Living Room,Yes,No,Yes,No,0.1,Relaxing
2026-08-20 19:33:00,H_SINGLE_001,P001,Living Room,Yes,No,Yes,Yes,0.35,Watching TV
2026-08-20 20:25:00,H_SINGLE_001,P001,Kitchen,Yes,No,Yes,No,0.96,Cooking
2026-08-20 21:01:00,H_SINGLE_001,P001,Kitchen,Yes,No,Yes,No,0.32,Eating
2026-08-20 22:31:00,H_SINGLE_001,P001,Living Room,Yes,No,Yes,No,0.15,Relaxing
2026-08-20 22:56:00,H_SINGLE_001,P001,Bedroom,Yes,No,No,No,0.07,Sleeping
2026-08-21 06:59:00,H_SINGLE_001,P001,Bedroom,Yes,No,No,No,0.06,Sleeping
2026-08-21 07:17:00,H_SINGLE_001,P001,Kitchen,Yes,No,Yes,No,0.32,Eating
2026-08-21 08:02:00,H_SINGLE_001,P001,Living Room,Yes,No,Yes,No,0.2,Working
2026-08-21 10:35:00,H_SINGLE_001,P001,Living Room,Yes,No,Yes,No,0.16,Working
2026-08-21 12:55:00,H_SINGLE_001,P001,Kitchen,Yes,No,Yes,No,0.32,Eating
2026-08-21 13:33:00,H_SINGLE_001,P001,Living Room,Yes,No,Yes,No,0.2,Working
2026-08-21 17:34:00,H_SINGLE_001,P001,Living Room,Yes,No,Yes,No,0.24,Exercise
2026-08-21 18:18:00,H_SINGLE_001,P001,Living Room,Yes,No,Yes,No,0.11,Relaxing
2026-08-21 19:29:00,H_SINGLE_001,P001,Living Room,Yes,No,Yes,Yes,0.36,Watching TV
2026-08-21 20:32:00,H_SINGLE_001,P001,Kitchen,Yes,No,Yes,No,0.97,Cooking
2026-08-21 20:57:00,H_SINGLE_001,P001,Kitchen,Yes,No,Yes,No,0.33,Eating
2026-08-21 22:27:00,H_SINGLE_001,P001,Living Room,Yes,No,Yes,No,0.09,Relaxing
2026-08-21 23:03:00,H_SINGLE_001,P001,Bedroom,Yes,No,No,No,0.08,Sleeping
2026-08-22 07:03:00,H_SINGLE_001,P001,Bedroom,Yes,No,No,No,0.07,Sleeping
2026-08-22 07:32:00,H_SINGLE_001,P001,Kitchen,Yes,No,Yes,No,0.33,Eating
2026-08-22 07:58:00,H_SINGLE_001,P001,Living Room,Yes,No,Yes,No,0.21,Working
2026-08-22 10:31:00,H_SINGLE_001,P001,Living Room,Yes,No,Yes,No,0.17,Working
2026-08-22 13:10:00,H_SINGLE_001,P001,Kitchen,Yes,No,Yes,No,0.33,Eating
2026-08-22 13:29:00,H_SINGLE_001,P001,Living Room,Yes,No,Yes,No,0.21,Working
2026-08-22 17:30:00,H_SINGLE_001,P001,Living Room,Yes,No,Yes,No,0.25,Exercise
2026-08-22 18:14:00,H_SINGLE_001,P001,Living Room,Yes,No,Yes,No,0.12,Relaxing
2026-08-22 19:25:00,H_SINGLE_001,P001,Living Room,Yes,No,Yes,Yes,0.37,Watching TV
2026-08-22 20:28:00,H_SINGLE_001,P001,Kitchen,Yes,No,Yes,No,0.98,Cooking
2026-08-22 21:12:00,H_SINGLE_001,P001,Kitchen,Yes,No,Yes,No,0.34,Eating
2026-08-22 22:34:00,H_SINGLE_001,P001,Living Room,Yes,No,Yes,No,0.1,Relaxing
2026-08-22 23:07:00,H_SINGLE_001,P001,Bedroom,Yes,No,No,No,0.03,Sleeping
2026-08-23 07:10:00,H_SINGLE_001,P001,Bedroom,Yes,No,No,No,0.08,Sleeping
2026-08-23 07:28:00,H_SINGLE_001,P001,Kitchen,Yes,No,Yes,No,0.34,Eating
2026-08-23 08:05:00,H_SINGLE_001,P001,Living Room,Yes,No,Yes,No,0.15,Working
2026-08-23 10:27:00,H_SINGLE_001,P001,Living Room,Yes,No,Yes,No,0.18,Working
2026-08-23 13:06:00,H_SINGLE_001,P001,Kitchen,Yes,No,Yes,No,0.34,Eating
2026-08-23 13:25:00,H_SINGLE_001,P001,Living Room,Yes,No,Yes,No,0.15,Working
2026-08-23 17:26:00,H_SINGLE_001,P001,Living Room,Yes,No,Yes,No,0.26,Exercise
2026-08-23 18:10:00,H_SINGLE_001,P001,Living Room,Yes,No,Yes,No,0.13,Relaxing
2026-08-23 19:32:00,H_SINGLE_001,P001,Living Room,Yes,No,Yes,Yes,0.38,Watching TV
2026-08-23 20:35:00,H_SINGLE_001,P001,Kitchen,Yes,No,Yes,No,0.92,Cooking
2026-08-23 21:08:00,H_SINGLE_001,P001,Kitchen,Yes,No,Yes,No,0.35,Eating
2026-08-23 22:30:00,H_SINGLE_001,P001,Living Room,Yes,No,Yes,No,0.11,Relaxing
2026-08-23 23:03:00,H_SINGLE_001,P001,Bedroom,Yes,No,No,No,0.03,Sleeping
2026-08-24 06:58:00,H_SINGLE_001,P001,Bedroom,Yes,No,No,No,0.03,Sleeping
2026-08-24 07:16:00,H_SINGLE_001,P001,Kitchen,Yes,No,Yes,No,0.35,Eating
2026-08-24 08:01:00,H_SINGLE_001,P001,Living Room,Yes,No,Yes,No,0.16,Working
2026-08-24 10:34:00,H_SINGLE_001,P001,Living Room,Yes,No,Yes,No,0.19,Working
2026-08-24 13:05:00,H_SINGLE_001,P001,Kitchen,Yes,No,Yes,No,0.35,Eating
2026-08-24 13:32:00,H_SINGLE_001,P001,Living Room,Yes,No,Yes,No,0.16,Working
2026-08-24 17:33:00,H_SINGLE_001,P001,Living Room,Yes,No,Yes,No,0.27,Exercise
2026-08-24 18:17:00,H_SINGLE_001,P001,Living Room,Yes,No,Yes,No,0.14,Relaxing
2026-08-24 19:28:00,H_SINGLE_001,P001,Living Room,Yes,No,Yes,Yes,0.32,Watching TV
2026-08-24 20:31:00,H_SINGLE_001,P001,Kitchen,Yes,No,Yes,No,0.93,Cooking
2026-08-24 20:56:00,H_SINGLE_001,P001,Kitchen,Yes,No,Yes,No,0.29,Eating
2026-08-24 22:26:00,H_SINGLE_001,P001,Living Room,Yes,No,Yes,No,0.12,Relaxing
2026-08-24 23:02:00,H_SINGLE_001,P001,Bedroom,Yes,No,No,No,0.04,Sleeping
2026-08-25 07:05:00,H_SINGLE_001,P001,Bedroom,Yes,No,No,No,0.03,Sleeping
2026-08-25 07:23:00,H_SINGLE_001,P001,Kitchen,Yes,No,Yes,No,0.29,Eating
2026-08-25 07:57:00,H_SINGLE_001,P001,Living Room,Yes,No,Yes,No,0.17,Working
2026-08-25 10:30:00,H_SINGLE_001,P001,Living Room,Yes,No,Yes,No,0.2,Working
2026-08-25 13:01:00,H_SINGLE_001,P001,Kitchen,Yes,No,Yes,No,0.29,Eating
2026-08-25 13:28:00,H_SINGLE_001,P001,Living Room,Yes,No,Yes,No,0.17,Working
2026-08-25 17:29:00,H_SINGLE_001,P001,Living Room,Yes,No,Yes,No,0.28,Exercise
2026-08-25 18:13:00,H_SINGLE_001,P001,Living Room,Yes,No,Yes,No,0.15,Relaxing
2026-08-25 19:35:00,H_SINGLE_001,P001,Living Room,Yes,No,Yes,Yes,0.33,Watching TV
2026-08-25 20:27:00,H_SINGLE_001,P001,Kitchen,Yes,No,Yes,No,0.94,Cooking
2026-08-25 21:03:00,H_SINGLE_001,P001,Kitchen,Yes,No,Yes,No,0.3,Eating
2026-08-25 22:33:00,H_SINGLE_001,P001,Living Room,Yes,No,Yes,No,0.13,Relaxing
2026-08-25 22:58:00,H_SINGLE_001,P001,Bedroom,Yes,No,No,No,0.05,Sleeping
2026-08-26 07:01:00,H_SINGLE_001,P001,Bedroom,Yes,No,No,No,0.04,Sleeping
2026-08-26 07:19:00,H_SINGLE_001,P001,Kitchen,Yes,No,Yes,No,0.3,Eating
2026-08-26 08:04:00,H_SINGLE_001,P001,Living Room,Yes,No,Yes,No,0.18,Working
2026-08-26 10:26:00,H_SINGLE_001,P001,Living Room,Yes,No,Yes,No,0.14,Working
2026-08-26 12:57:00,H_SINGLE_001,P001,Kitchen,Yes,No,Yes,No,0.3,Eating
2026-08-26 13:35:00,H_SINGLE_001,P001,Living Room,Yes,No,Yes,No,0.18,Working
2026-08-26 17:25:00,H_SINGLE_001,P001,Living Room,Yes,No,Yes,No,0.22,Exercise
2026-08-26 18:20:00,H_SINGLE_001,P001,Living Room,Yes,No,Yes,No,0.09,Relaxing
2026-08-26 19:31:00,H_SINGLE_001,P001,Living Room,Yes,No,Yes,Yes,0.34,Watching TV
2026-08-26 20:34:00,H_SINGLE_001,P001,Kitchen,Yes,No,Yes,No,0.95,Cooking
2026-08-26 20:59:00,H_SINGLE_001,P001,Kitchen,Yes,No,Yes,No,0.31,Eating
2026-08-26 22:29:00,H_SINGLE_001,P001,Living Room,Yes,No,Yes,No,0.14,Relaxing
2026-08-26 23:05:00,H_SINGLE_001,P001,Bedroom,Yes,No,No,No,0.06,Sleeping
2026-08-27 06:57:00,H_SINGLE_001,P001,Bedroom,Yes,No,No,No,0.05,Sleeping
2026-08-27 07:15:00,H_SINGLE_001,P001,Kitchen,Yes,No,Yes,No,0.31,Eating
2026-08-27 08:00:00,H_SINGLE_001,P001,Living Room,Yes,No,Yes,No,0.19,Working
2026-08-27 10:33:00,H_SINGLE_001,P001,Living Room,Yes,No,Yes,No,0.15,Working
2026-08-27 13:04:00,H_SINGLE_001,P001,Kitchen,Yes,No,Yes,No,0.31,Eating
2026-08-27 13:31:00,H_SINGLE_001,P001,Living Room,Yes,No,Yes,No,0.19,Working
2026-08-27 17:32:00,H_SINGLE_001,P001,Living Room,Yes,No,Yes,No,0.23,Exercise
2026-08-27 18:16:00,H_SINGLE_001,P001,Living Room,Yes,No,Yes,No,0.1,Relaxing
2026-08-27 19:27:00,H_SINGLE_001,P001,Living Room,Yes,No,Yes,Yes,0.35,Watching TV
2026-08-27 20:30:00,H_SINGLE_001,P001,Kitchen,Yes,No,Yes,No,0.96,Cooking
2026-08-27 20:55:00,H_SINGLE_001,P001,Kitchen,Yes,No,Yes,No,0.32,Eating
2026-08-27 22:25:00,H_SINGLE_001,P001,Living Room,Yes,No,Yes,No,0.15,Relaxing
2026-08-27 23:01:00,H_SINGLE_001,P001,Bedroom,Yes,No,No,No,0.07,Sleeping
2026-08-28 07:04:00,H_SINGLE_001,P001,Bedroom,Yes,No,No,No,0.06,Sleeping
2026-08-28 07:22:00,H_SINGLE_001,P001,Kitchen,Yes,No,Yes,No,0.32,Eating
2026-08-28 07:56:00,H_SINGLE_001,P001,Living Room,Yes,No,Yes,No,0.2,Working
2026-08-28 10:29:00,H_SINGLE_001,P001,Living Room,Yes,No,Yes,No,0.16,Working
2026-08-28 13:00:00,H_SINGLE_001,P001,Kitchen,Yes,No,Yes,No,0.32,Eating
2026-08-28 13:27:00,H_SINGLE_001,P001,Living Room,Yes,No,Yes,No,0.2,Working
2026-08-28 17:28:00,H_SINGLE_001,P001,Living Room,Yes,No,Yes,No,0.24,Exercise
2026-08-28 18:12:00,H_SINGLE_001,P001,Living Room,Yes,No,Yes,No,0.11,Relaxing
2026-08-28 19:34:00,H_SINGLE_001,P001,Living Room,Yes,No,Yes,Yes,0.36,Watching TV
2026-08-28 20:26:00,H_SINGLE_001,P001,Kitchen,Yes,No,Yes,No,0.97,Cooking
2026-08-28 21:02:00,H_SINGLE_001,P001,Kitchen,Yes,No,Yes,No,0.33,Eating
2026-08-28 22:32:00,H_SINGLE_001,P001,Living Room,Yes,No,Yes,No,0.09,Relaxing
2026-08-28 22:57:00,H_SINGLE_001,P001,Bedroom,Yes,No,No,No,0.08,Sleeping
2026-08-29 07:08:00,H_SINGLE_001,P001,Bedroom,Yes,No,No,No,0.07,Sleeping
2026-08-29 07:26:00,H_SINGLE_001,P001,Kitchen,Yes,No,Yes,No,0.33,Eating
2026-08-29 08:03:00,H_SINGLE_001,P001,Living Room,Yes,No,Yes,No,0.21,Working
2026-08-29 10:25:00,H_SINGLE_001,P001,Living Room,Yes,No,Yes,No,0.17,Working
2026-08-29 13:04:00,H_SINGLE_001,P001,Kitchen,Yes,No,Yes,No,0.33,Eating
2026-08-29 13:34:00,H_SINGLE_001,P001,Living Room,Yes,No,Yes,No,0.21,Working
2026-08-29 17:35:00,H_SINGLE_001,P001,Living Room,Yes,No,Yes,No,0.25,Exercise
2026-08-29 18:19:00,H_SINGLE_001,P001,Living Room,Yes,No,Yes,No,0.12,Relaxing
2026-08-29 19:30:00,H_SINGLE_001,P001,Living Room,Yes,No,Yes,Yes,0.37,Watching TV
2026-08-29 20:33:00,H_SINGLE_001,P001,Kitchen,Yes,No,Yes,No,0.98,Cooking
2026-08-29 21:06:00,H_SINGLE_001,P001,Kitchen,Yes,No,Yes,No,0.34,Eating
2026-08-29 22:28:00,H_SINGLE_001,P001,Living Room,Yes,No,Yes,No,0.1,Relaxing
2026-08-29 23:12:00,H_SINGLE_001,P001,Bedroom,Yes,No,No,No,0.03,Sleeping
2026-08-30 07:04:00,H_SINGLE_001,P001,Bedroom,Yes,No,No,No,0.08,Sleeping
2026-08-30 07:33:00,H_SINGLE_001,P001,Kitchen,Yes,No,Yes,No,0.34,Eating
2026-08-30 07:59:00,H_SINGLE_001,P001,Living Room,Yes,No,Yes,No,0.15,Working
2026-08-30 10:32:00,H_SINGLE_001,P001,Living Room,Yes,No,Yes,No,0.18,Working
2026-08-30 13:11:00,H_SINGLE_001,P001,Kitchen,Yes,No,Yes,No,0.34,Eating
2026-08-30 13:30:00,H_SINGLE_001,P001,Living Room,Yes,No,Yes,No,0.15,Working
2026-08-30 17:31:00,H_SINGLE_001,P001,Living Room,Yes,No,Yes,No,0.26,Exercise
2026-08-30 18:15:00,H_SINGLE_001,P001,Living Room,Yes,No,Yes,No,0.13,Relaxing
2026-08-30 19:26:00,H_SINGLE_001,P001,Living Room,Yes,No,Yes,Yes,0.38,Watching TV
2026-08-30 20:29:00,H_SINGLE_001,P001,Kitchen,Yes,No,Yes,No,0.92,Cooking
2026-08-30 21:13:00,H_SINGLE_001,P001,Kitchen,Yes,No,Yes,No,0.35,Eating
2026-08-30 22:35:00,H_SINGLE_001,P001,Living Room,Yes,No,Yes,No,0.11,Relaxing
2026-08-30 23:08:00,H_SINGLE_001,P001,Bedroom,Yes,No,No,No,0.03,Sleeping
2026-08-31 07:03:00,H_SINGLE_001,P001,Bedroom,Yes,No,No,No,0.03,Sleeping
2026-08-31 07:21:00,H_SINGLE_001,P001,Kitchen,Yes,No,Yes,No,0.35,Eating
2026-08-31 07:55:00,H_SINGLE_001,P001,Living Room,Yes,No,Yes,No,0.16,Working
2026-08-31 10:28:00,H_SINGLE_001,P001,Living Room,Yes,No,Yes,No,0.19,Working
2026-08-31 12:59:00,H_SINGLE_001,P001,Kitchen,Yes,No,Yes,No,0.35,Eating
2026-08-31 13:26:00,H_SINGLE_001,P001,Living Room,Yes,No,Yes,No,0.16,Working
2026-08-31 17:27:00,H_SINGLE_001,P001,Living Room,Yes,No,Yes,No,0.27,Exercise
2026-08-31 18:11:00,H_SINGLE_001,P001,Living Room,Yes,No,Yes,No,0.14,Relaxing
2026-08-31 19:33:00,H_SINGLE_001,P001,Living Room,Yes,No,Yes,Yes,0.32,Watching TV
2026-08-31 20:25:00,H_SINGLE_001,P001,Kitchen,Yes,No,Yes,No,0.93,Cooking
2026-08-31 21:01:00,H_SINGLE_001,P001,Kitchen,Yes,No,Yes,No,0.29,Eating
2026-08-31 22:31:00,H_SINGLE_001,P001,Living Room,Yes,No,Yes,No,0.12,Relaxing
2026-08-31 22:56:00,H_SINGLE_001,P001,Bedroom,Yes,No,No,No,0.04,Sleeping
2026-09-01 06:59:00,H_SINGLE_001,P001,Bedroom,Yes,No,No,No,0.03,Sleeping
2026-09-01 07:17:00,H_SINGLE_001,P001,Kitchen,Yes,No,Yes,No,0.29,Eating
2026-09-01 08:02:00,H_SINGLE_001,P001,Living Room,Yes,No,Yes,No,0.17,Working
2026-09-01 10:35:00,H_SINGLE_001,P001,Living Room,Yes,No,Yes,No,0.2,Working
2026-09-01 12:55:00,H_SINGLE_001,P001,Kitchen,Yes,No,Yes,No,0.29,Eating
2026-09-01 13:33:00,H_SINGLE_001,P001,Living Room,Yes,No,Yes,No,0.17,Working
2026-09-01 17:34:00,H_SINGLE_001,P001,Living Room,Yes,No,Yes,No,0.28,Exercise
2026-09-01 18:18:00,H_SINGLE_001,P001,Living Room,Yes,No,Yes,No,0.15,Relaxing
2026-09-01 19:29:00,H_SINGLE_001,P001,Living Room,Yes,No,Yes,Yes,0.33,Watching TV
2026-09-01 20:32:00,H_SINGLE_001,P001,Kitchen,Yes,No,Yes,No,0.94,Cooking
2026-09-01 20:57:00,H_SINGLE_001,P001,Kitchen,Yes,No,Yes,No,0.3,Eating
2026-09-01 22:27:00,H_SINGLE_001,P001,Living Room,Yes,No,Yes,No,0.13,Relaxing
2026-09-01 23:03:00,H_SINGLE_001,P001,Bedroom,Yes,No,No,No,0.05,Sleeping
