Date;Time;Global_active_power;Global_reactive_power;Voltage;Global_intensity;Sub_metering_1;Sub_metering_2;Sub_metering_3
27/09/2026;00:00:00;0.5;0.452;241.04;2.1;0;0;0.0
27/09/2026;00:01:00;0.338;0.222;239.84;1.42;0;0;0.0
27/09/2026;00:02:00;0.119;0.297;237.03;0.5;0;0;0.0
27/09/2026;00:03:00;0.691;0.443;239.78;2.9;0;0;0.0
27/09/2026;00:04:00;0.08;0.127;239.91;0.34;0;0;0.0
27/09/2026;00:05:00;0.503;0.452;238.28;2.11;0;0;0.0
27/09/2026;00:06:00;0.719;0.128;238.38;3.02;0;0;0.0
27/09/2026;00:07:00;0.589;0.308;242.87;2.47;0;0;0.0
27/09/2026;00:08:00;0.702;0.121;236.5;2.95;0;0;0.0
27/09/2026;00:09:00;0.613;0.133;239.53;2.57;0;0;0.0
27/09/2026;00:10:00;0.705;0.212;238.41;2.96;0;0;0.0
27/09/2026;00:11:00;0.282;0.487;239.65;1.18;0;0;0.0
27/09/2026;00:12:00;0.372;0.074;241.92;1.56;0;0;0.0
27/09/2026;00:13:00;0.133;0.05;238.73;0.56;0;0;0.0
27/09/2026;00:14:00;0.68;0.035;241.64;2.86;0;0;0.0
27/09/2026;00:15:00;0.395;0.147;238.6;1.66;0;0;0.0
27/09/2026;00:16:00;0.462;0.339;239.39;1.94;0;0;0.0
27/09/2026;00:17:00;0.886;0.416;238.96;3.72;0;0;0.0
27/09/2026;00:18:00;0.579;0.178;238.8;2.43;0;0;0.0
27/09/2026;00:19:00;0.501;0.379;239.14;2.11;0;0;0.0
27/09/2026;00:20:00;0.325;0.109;242.06;1.36;0;0;0.0
27/09/2026;00:21:00;0.53;0.21;241.32;2.23;0;0;0.0
27/09/2026;00:22:00;0.595;0.237;239.1;2.5;0;0;0.0
27/09/2026;00:23:00;0.217;0.394;242.32;0.91;0;0;0.0
27/09/2026;00:24:00;0.533;0.456;243.56;2.24;0;0;0.0
27/09/2026;00:25:00;0.711;0.023;239.33;2.99;0;0;0.0
27/09/2026;00:26:00;0.43;0.437;241.5;1.81;0;0;0.0
27/09/2026;00:27:00;0.736;0.061;242.04;3.09;0;0;0.0
27/09/2026;00:28:00;0.657;0.247;238.62;2.76;0;0;0.0
27/09/2026;00:29:00;0.494;0.082;240.53;2.08;0;0;0.0
27/09/2026;00:30:00;0.243;0.361;244.1;1.02;0;0;0.0
27/09/2026;00:31:00;0.092;0.379;241.95;0.38;0;0;0.0
27/09/2026;00:32:00;0.471;0.07;241.37;1.98;0;0;0.0
27/09/2026;00:33:00;0.333;0.257;239.32;1.4;0;0;0.0
27/09/2026;00:34:00;0.673;0.352;238.2;2.83;0;0;0.0
27/09/2026;00:35:00;0.638;0.287;240.87;2.68;0;0;0.0
27/09/2026;00:36:00;0.348;0.272;238.22;1.46;0;0;0.0
27/09/2026;00:37:00;0.188;0.351;240.69;0.79;0;0;0.0
27/09/2026;00:38:00;0.596;0.215;242.66;2.5;0;0;0.0
27/09/2026;00:39:00;0.473;0.453;241.35;1.99;0;0;0.0
27/09/2026;00:40:00;0.403;0.118;240.96;1.69;0;0;0.0
27/09/2026;00:41:00;0.958;0.122;239.73;4.02;0;0;0.0
27/09/2026;00:42:00;0.496;0.036;236.96;2.08;0;0;0.0
27/09/2026;00:43:00;0.387;0.425;239.24;1.62;0;0;0.0
27/09/2026;00:44:00;0.52;0.224;242.22;2.18;0;0;0.0
27/09/2026;00:45:00;0.46;0.01;239.63;1.93;0;0;0.0
27/09/2026;00:46:00;0.565;0.433;242.4;2.37;0;0;0.0
27/09/2026;00:47:00;0.434;0.331;241.53;1.82;0;0;0.0
27/09/2026;00:48:00;0.653;0.394;238.51;2.74;0;0;0.0
27/09/2026;00:49:00;0.515;0.117;238.27;2.16;0;0;0.0
27/09/2026;00:50:00;0.355;0.119;240.0;1.49;0;0;0.0
27/09/2026;00:51:00;0.621;0.314;237.72;2.61;0;0;0.0
27/09/2026;00:52:00;0.67;0.469;238.85;2.81;0;0;0.0
27/09/2026;00:53:00;0.118;0.487;240.1;0.49;0;0;0.0
27/09/2026;00:54:00;0.44;0.117;237.33;1.85;0;0;0.0
27/09/2026;00:55:00;0.645;0.168;240.6;2.71;0;0;0.0
27/09/2026;00:56:00;0.254;0.321;239.16;1.07;0;0;0.0
27/09/2026;00:57:00;0.577;0.366;240.23;2.42;0;0;0.0
27/09/2026;00:58:00;0.559;0.064;238.09;2.35;0;0;0.0
27/09/2026;00:59:00;0.36;0.463;239.33;1.51;0;0;0.0
27/09/2026;01:00:00;0.517;0.391;240.19;2.17;0;0;0.0
27/09/2026;01:01:00;0.815;0.322;240.71;3.42;0;0;0.0
27/09/2026;01:02:00;0.336;0.473;242.91;1.41;0;0;0.0
27/09/2026;01:03:00;0.586;0.381;240.94;2.46;0;0;0.0
27/09/2026;01:04:00;0.518;0.106;239.83;2.18;0;0;0.0
27/09/2026;01:05:00;0.575;0.159;244.22;2.42;0;0;0.0
27/09/2026;01:06:00;0.7;0.453;239.19;2.94;0;0;0.0
27/09/2026;01:07:00;0.461;0.176;236.76;1.94;0;0;0.0
27/09/2026;01:08:00;0.408;0.119;236.45;1.72;0;0;0.0
27/09/2026;01:09:00;0.583;0.03;237.47;2.45;0;0;0.0
27/09/2026;01:10:00;0.556;0.077;239.37;2.34;0;0;0.0
27/09/2026;01:11:00;0.725;0.079;240.84;3.05;0;0;0.0
27/09/2026;01:12:00;0.74;0.037;241.18;3.11;0;0;0.0
27/09/2026;01:13:00;0.288;0.363;237.39;1.21;0;0;0.0
27/09/2026;01:14:00;0.256;0.093;236.64;1.08;0;0;0.0
27/09/2026;01:15:00;0.395;0.361;239.21;1.66;0;0;0.0
27/09/2026;01:16:00;0.287;0.167;242.2;1.21;0;0;0.0
27/09/2026;01:17:00;0.456;0.244;240.84;1.91;0;0;0.0
27/09/2026;01:18:00;0.468;0.37;243.61;1.96;0;0;0.0
27/09/2026;01:19:00;0.608;0.371;240.92;2.55;0;0;0.0
27/09/2026;01:20:00;0.359;0.223;239.37;1.51;0;0;0.0
27/09/2026;01:21:00;0.665;0.099;235.69;2.79;0;0;0.0
27/09/2026;01:22:00;0.308;0.259;240.17;1.29;0;0;0.0
27/09/2026;01:23:00;0.478;0.467;239.38;2.01;0;0;0.0
27/09/2026;01:24:00;0.432;0.384;241.4;1.81;0;0;0.0
27/09/2026;01:25:00;0.324;0.032;242.78;1.36;0;0;0.0
27/09/2026;01:26:00;0.768;0.273;240.72;3.23;0;0;0.0
27/09/2026;01:27:00;0.721;0.351;238.64;3.03;0;0;0.0
27/09/2026;01:28:00;0.484;0.445;242.25;2.03;0;0;0.0
27/09/2026;01:29:00;0.281;0.37;239.36;1.18;0;0;0.0
27/09/2026;01:30:00;0.118;0.298;238.05;0.5;0;0;0.0
27/09/2026;01:31:00;0.639;0.279;237.1;2.68;0;0;0.0
27/09/2026;01:32:00;0.568;0.492;238.46;2.39;0;0;0.0
27/09/2026;01:33:00;0.692;0.228;241.03;2.9;0;0;0.0
27/09/2026;01:34:00;0.353;0.454;237.59;1.48;0;0;0.0
27/09/2026;01:35:00;0.447;0.34;239.65;1.88;0;0;0.0
27/09/2026;01:36:00;0.489;0.22;241.53;2.06;0;0;0.0
27/09/2026;01:37:00;0.34;0.438;240.86;1.43;0;0;0.0
27/09/2026;01:38:00;0.413;0.026;239.02;1.74;0;0;0.0
27/09/2026;01:39:00;0.772;0.135;240.89;3.24;0;0;0.0
27/09/2026;01:40:00;0.595;0.299;239.6;2.5;0;0;0.0
27/09/2026;01:41:00;0.856;0.265;238.8;3.6;0;0;0.0
27/09/2026;01:42:00;0.606;0.083;239.37;2.54;0;0;0.0
27/09/2026;01:43:00;0.318;0.326;240.66;1.34;0;0;0.0
27/09/2026;01:44:00;0.22;0.458;240.66;0.93;0;0;0.0
27/09/2026;01:45:00;0.439;0.096;237.35;1.84;0;0;0.0
27/09/2026;01:46:00;0.318;0.36;238.99;1.33;0;0;0.0
27/09/2026;01:47:00;0.377;0.313;242.07;1.58;0;0;0.0
27/09/2026;01:48:00;0.106;0.421;240.87;0.45;0;0;0.0
27/09/2026;01:49:00;1.042;0.25;238.33;4.38;0;0;0.0
27/09/2026;01:50:00;0.786;0.174;241.34;3.3;0;0;0.0
27/09/2026;01:51:00;0.399;0.389;235.64;1.67;0;0;0.0
27/09/2026;01:52:00;0.347;0.466;242.42;1.46;0;0;0.0
27/09/2026;01:53:00;0.413;0.097;239.88;1.73;0;0;0.0
27/09/2026;01:54:00;0.886;0.294;238.95;3.72;0;0;0.0
27/09/2026;01:55:00;0.085;0.014;241.55;0.36;0;0;0.0
27/09/2026;01:56:00;0.41;0.24;238.29;1.72;0;0;0.0
27/09/2026;01:57:00;0.816;0.302;238.52;3.43;0;0;0.0
27/09/2026;01:58:00;0.685;0.144;241.28;2.88;0;0;0.0
27/09/2026;01:59:00;0.677;0.305;239.8;2.84;0;0;0.0
27/09/2026;02:00:00;0.447;0.304;238.34;1.88;0;0;0.0
27/09/2026;02:01:00;0.17;0.137;242.7;0.71;0;0;0.0
27/09/2026;02:02:00;0.731;0.185;243.38;3.07;0;0;0.0
27/09/2026;02:03:00;0.526;0.084;241.28;2.21;0;0;0.0
27/09/2026;02:04:00;0.066;0.114;235.75;0.28;0;0;0.0
27/09/2026;02:05:00;0.351;0.3;241.99;1.47;0;0;0.0
27/09/2026;02:06:00;0.646;0.156;241.36;2.71;0;0;0.0
27/09/2026;02:07:00;0.467;0.442;236.95;1.96;0;0;0.0
27/09/2026;02:08:00;0.48;0.227;238.74;2.01;0;0;0.0
27/09/2026;02:09:00;0.482;0.069;238.59;2.03;0;0;0.0
27/09/2026;02:10:00;0.571;0.369;239.84;2.4;0;0;0.0
27/09/2026;02:11:00;0.851;0.167;237.98;3.57;0;0;0.0
27/09/2026;02:12:00;0.417;0.37;242.89;1.75;0;0;0.0
27/09/2026;02:13:00;0.658;0.47;239.89;2.76;0;0;0.0
27/09/2026;02:14:00;0.293;0.301;238.2;1.23;0;0;0.0
27/09/2026;02:15:00;0.733;0.136;240.21;3.08;0;0;0.0
27/09/2026;02:16:00;0.648;0.422;241.79;2.72;0;0;0.0
27/09/2026;02:17:00;0.753;0.122;242.16;3.16;0;0;0.0
27/09/2026;02:18:00;0.758;0.134;240.65;3.18;0;0;0.0
27/09/2026;02:19:00;0.504;0.363;240.22;2.12;0;0;0.0
27/09/2026;02:20:00;0.401;0.043;240.11;1.68;0;0;0.0
27/09/2026;02:21:00;0.424;0.18;241.16;1.78;0;0;0.0
27/09/2026;02:22:00;0.559;0.109;239.75;2.35;0;0;0.0
27/09/2026;02:23:00;0.783;0.03;240.48;3.29;0;0;0.0
27/09/2026;02:24:00;0.356;0.214;237.77;1.49;0;0;0.0
27/09/2026;02:25:00;0.273;0.231;242.71;1.14;0;0;0.0
27/09/2026;02:26:00;0.629;0.117;237.88;2.64;0;0;0.0
27/09/2026;02:27:00;0.309;0.022;240.19;1.3;0;0;0.0
27/09/2026;02:28:00;0.71;0.024;241.98;2.98;0;0;0.0
27/09/2026;02:29:00;0.312;0.107;235.76;1.31;0;0;0.0
27/09/2026;02:30:00;0.31;0.221;239.49;1.3;0;0;0.0
27/09/2026;02:31:00;0.804;0.332;243.32;3.38;0;0;0.0
27/09/2026;02:32:00;0.2;0.488;242.19;0.84;0;0;0.0
27/09/2026;02:33:00;0.878;0.175;241.89;3.69;0;0;0.0
27/09/2026;02:34:00;0.404;0.216;238.41;1.7;0;0;0.0
27/09/2026;02:35:00;0.583;0.388;238.22;2.45;0;0;0.0
27/09/2026;02:36:00;0.182;0.074;238.79;0.77;0;0;0.0
27/09/2026;02:37:00;0.6;0.415;240.51;2.52;0;0;0.0
27/09/2026;02:38:00;0.439;0.154;240.58;1.84;0;0;0.0
27/09/2026;02:39:00;0.513;0.423;239.73;2.16;0;0;0.0
27/09/2026;02:40:00;0.401;0.078;238.24;1.69;0;0;0.0
27/09/2026;02:41:00;0.916;0.076;241.29;3.85;0;0;0.0
27/09/2026;02:42:00;0.384;0.414;241.63;1.61;0;0;0.0
27/09/2026;02:43:00;0.563;0.347;242.95;2.36;0;0;0.0
27/09/2026;02:44:00;0.493;0.041;241.4;2.07;0;0;0.0
27/09/2026;02:45:00;0.6;0.457;241.2;2.52;0;0;0.0
27/09/2026;02:46:00;0.67;0.474;240.62;2.82;0;0;0.0
27/09/2026;02:47:00;0.704;0.037;240.41;2.95;0;0;0.0
27/09/2026;02:48:00;0.086;0.352;242.84;0.36;0;0;0.0
27/09/2026;02:49:00;0.715;0.004;242.35;3.0;0;0;0.0
27/09/2026;02:50:00;0.67;0.499;245.13;2.81;0;0;0.0
27/09/2026;02:51:00;0.626;0.445;238.49;2.63;0;0;0.0
27/09/2026;02:52:00;0.529;0.424;240.97;2.22;0;0;0.0
27/09/2026;02:53:00;0.29;0.001;239.54;1.22;0;0;0.0
27/09/2026;02:54:00;0.748;0.352;241.24;3.14;0;0;0.0
27/09/2026;02:55:00;0.505;0.319;241.94;2.12;0;0;0.0
27/09/2026;02:56:00;0.474;0.467;238.98;1.99;0;0;0.0
27/09/2026;02:57:00;0.657;0.067;238.43;2.76;0;0;0.0
27/09/2026;02:58:00;0.26;0.171;239.04;1.09;0;0;0.0
27/09/2026;02:59:00;0.285;0.349;237.13;1.2;0;0;0.0
27/09/2026;03:00:00;0.487;0.445;239.42;2.04;0;0;0.0
27/09/2026;03:01:00;0.771;0.322;240.4;3.24;0;0;0.0
27/09/2026;03:02:00;0.533;0.26;238.89;2.24;0;0;0.0
27/09/2026;03:03:00;0.285;0.425;239.44;1.2;0;0;0.0
27/09/2026;03:04:00;0.944;0.093;241.18;3.97;0;0;0.0
27/09/2026;03:05:00;0.527;0.202;239.75;2.21;0;0;0.0
27/09/2026;03:06:00;0.532;0.323;241.24;2.23;0;0;0.0
27/09/2026;03:07:00;0.355;0.308;241.02;1.49;0;0;0.0
27/09/2026;03:08:00;0.714;0.155;242.08;3.0;0;0;0.0
27/09/2026;03:09:00;0.408;0.173;236.97;1.71;0;0;0.0
27/09/2026;03:10:00;0.409;0.229;236.95;1.72;0;0;0.0
27/09/2026;03:11:00;0.704;0.255;239.61;2.96;0;0;0.0
27/09/2026;03:12:00;0.528;0.464;240.55;2.22;0;0;0.0
27/09/2026;03:13:00;0.151;0.042;237.42;0.63;0;0;0.0
27/09/2026;03:14:00;0.565;0.007;238.63;2.37;0;0;0.0
27/09/2026;03:15:00;0.236;0.315;238.39;0.99;0;0;0.0
27/09/2026;03:16:00;0.48;0.156;239.13;2.02;0;0;0.0
27/09/2026;03:17:00;0.543;0.037;238.69;2.28;0;0;0.0
27/09/2026;03:18:00;0.404;0.06;240.63;1.7;0;0;0.0
27/09/2026;03:19:00;0.663;0.208;239.15;2.79;0;0;0.0
27/09/2026;03:20:00;0.304;0.169;238.56;1.28;0;0;0.0
27/09/2026;03:21:00;0.543;0.403;238.54;2.28;0;0;0.0
27/09/2026;03:22:00;0.559;0.38;240.48;2.35;0;0;0.0
27/09/2026;03:23:00;0.06;0.149;239.63;0.25;0;0;0.0
27/09/2026;03:24:00;0.634;0.225;237.64;2.66;0;0;0.0
27/09/2026;03:25:00;0.706;0.349;241.49;2.96;0;0;0.0
27/09/2026;03:26:00;0.375;0.274;242.29;1.57;0;0;0.0
27/09/2026;03:27:00;0.339;0.234;238.84;1.42;0;0;0.0
27/09/2026;03:28:00;0.654;0.125;237.2;2.75;0;0;0.0
27/09/2026;03:29:00;0.491;0.09;241.52;2.06;0;0;0.0
27/09/2026;03:30:00;0.317;0.46;240.81;1.33;0;0;0.0
27/09/2026;03:31:00;0.341;0.167;239.35;1.43;0;0;0.0
27/09/2026;03:32:00;0.625;0.393;239.18;2.63;0;0;0.0
27/09/2026;03:33:00;0.622;0.431;239.59;2.61;0;0;0.0
27/09/2026;03:34:00;0.561;0.094;239.04;2.36;0;0;0.0
27/09/2026;03:35:00;0.185;0.318;241.4;0.78;0;0;0.0
27/09/2026;03:36:00;0.701;0.091;241.65;2.94;0;0;0.0
27/09/2026;03:37:00;0.388;0.125;242.12;1.63;0;0;0.0
27/09/2026;03:38:00;0.213;0.067;237.21;0.89;0;0;0.0
27/09/2026;03:39:00;0.616;0.241;238.68;2.59;0;0;0.0
27/09/2026;03:40:00;0.793;0.156;237.01;3.33;0;0;0.0
27/09/2026;03:41:00;0.522;0.051;244.17;2.19;0;0;0.0
27/09/2026;03:42:00;0.171;0.399;242.9;0.72;0;0;0.0
27/09/2026;03:43:00;0.345;0.219;240.51;1.45;0;0;0.0
27/09/2026;03:44:00;0.586;0.435;242.49;2.46;0;0;0.0
27/09/2026;03:45:00;0.447;0.107;242.17;1.88;0;0;0.0
27/09/2026;03:46:00;0.333;0.347;236.47;1.4;0;0;0.0
27/09/2026;03:47:00;0.134;0.404;238.6;0.56;0;0;0.0
27/09/2026;03:48:00;0.508;0.284;240.02;2.13;0;0;0.0
27/09/2026;03:49:00;0.318;0.447;241.93;1.34;0;0;0.0
27/09/2026;03:50:00;0.756;0.151;238.84;3.17;0;0;0.0
27/09/2026;03:51:00;0.694;0.42;240.83;2.91;0;0;0.0
27/09/2026;03:52:00;0.302;0.125;238.98;1.27;0;0;0.0
27/09/2026;03:53:00;0.493;0.448;239.12;2.07;0;0;0.0
27/09/2026;03:54:00;0.536;0.064;240.49;2.25;0;0;0.0
27/09/2026;03:55:00;0.843;0.194;241.57;3.54;0;0;0.0
27/09/2026;03:56:00;0.617;0.122;241.04;2.59;0;0;0.0
27/09/2026;03:57:00;0.446;0.058;236.89;1.87;0;0;0.0
27/09/2026;03:58:00;0.337;0.428;244.48;1.42;0;0;0.0
27/09/2026;03:59:00;0.59;0.267;235.72;2.48;0;0;0.0
27/09/2026;04:00:00;0.59;0.335;239.83;2.48;0;0;0.0
27/09/2026;04:01:00;0.358;0.187;242.14;1.5;0;0;0.0
27/09/2026;04:02:00;0.717;0.035;237.98;3.01;0;0;0.0
27/09/2026;04:03:00;0.546;0.369;239.45;2.29;0;0;0.0
27/09/2026;04:04:00;0.674;0.349;236.96;2.83;0;0;0.0
27/09/2026;04:05:00;0.534;0.185;241.71;2.24;0;0;0.0
27/09/2026;04:06:00;0.34;0.147;240.21;1.43;0;0;0.0
27/09/2026;04:07:00;0.546;0.024;237.6;2.29;0;0;0.0
27/09/2026;04:08:00;0.621;0.024;237.66;2.61;0;0;0.0
27/09/2026;04:09:00;0.353;0.357;239.64;1.48;0;0;0.0
27/09/2026;04:10:00;0.329;0.005;245.16;1.38;0;0;0.0
27/09/2026;04:11:00;0.68;0.059;242.17;2.86;0;0;0.0
27/09/2026;04:12:00;0.434;0.124;236.81;1.82;0;0;0.0
27/09/2026;04:13:00;0.428;0.453;241.94;1.8;0;0;0.0
27/09/2026;04:14:00;0.629;0.411;242.2;2.64;0;0;0.0
27/09/2026;04:15:00;0.498;0.178;241.27;2.09;0;0;0.0
27/09/2026;04:16:00;0.951;0.156;239.53;3.99;0;0;0.0
27/09/2026;04:17:00;0.487;0.119;239.65;2.04;0;0;0.0
27/09/2026;04:18:00;0.916;0.415;236.68;3.85;0;0;0.0
27/09/2026;04:19:00;0.27;0.387;242.05;1.13;0;0;0.0
27/09/2026;04:20:00;0.609;0.106;239.45;2.56;0;0;0.0
27/09/2026;04:21:00;0.962;0.023;241.41;4.04;0;0;0.0
27/09/2026;04:22:00;0.471;0.219;241.05;1.98;0;0;0.0
27/09/2026;04:23:00;0.269;0.116;243.44;1.13;0;0;0.0
27/09/2026;04:24:00;0.551;0.139;240.28;2.32;0;0;0.0
27/09/2026;04:25:00;0.548;0.197;243.31;2.3;0;0;0.0
27/09/2026;04:26:00;0.38;0.406;236.82;1.6;0;0;0.0
27/09/2026;04:27:00;0.694;0.471;242.41;2.92;0;0;0.0
27/09/2026;04:28:00;0.418;0.049;237.8;1.76;0;0;0.0
27/09/2026;04:29:00;0.266;0.029;239.57;1.12;0;0;0.0
27/09/2026;04:30:00;0.522;0.145;241.43;2.19;0;0;0.0
27/09/2026;04:31:00;0.374;0.107;241.05;1.57;0;0;0.0
27/09/2026;04:32:00;0.416;0.384;239.38;1.75;0;0;0.0
27/09/2026;04:33:00;0.342;0.001;240.82;1.44;0;0;0.0
27/09/2026;04:34:00;0.457;0.241;242.22;1.92;0;0;0.0
27/09/2026;04:35:00;0.662;0.43;240.6;2.78;0;0;0.0
27/09/2026;04:36:00;0.486;0.477;239.02;2.04;0;0;0.0
27/09/2026;04:37:00;0.281;0.044;240.21;1.18;0;0;0.0
27/09/2026;04:38:00;0.386;0.156;237.12;1.62;0;0;0.0
27/09/2026;04:39:00;0.266;0.014;240.89;1.12;0;0;0.0
27/09/2026;04:40:00;0.754;0.189;238.15;3.17;0;0;0.0
27/09/2026;04:41:00;0.59;0.393;241.32;2.48;0;0;0.0
27/09/2026;04:42:00;0.1;0.227;238.81;0.42;0;0;0.0
27/09/2026;04:43:00;0.506;0.455;244.59;2.13;0;0;0.0
27/09/2026;04:44:00;0.807;0.362;241.38;3.39;0;0;0.0
27/09/2026;04:45:00;0.449;0.139;240.09;1.88;0;0;0.0
27/09/2026;04:46:00;0.575;0.151;234.49;2.42;0;0;0.0
27/09/2026;04:47:00;0.782;0.379;238.05;3.29;0;0;0.0
27/09/2026;04:48:00;0.264;0.463;240.28;1.11;0;0;0.0
27/09/2026;04:49:00;0.518;0.374;239.72;2.18;0;0;0.0
27/09/2026;04:50:00;0.902;0.289;239.29;3.79;0;0;0.0
27/09/2026;04:51:00;0.635;0.116;239.4;2.67;0;0;0.0
27/09/2026;04:52:00;0.22;0.37;240.38;0.92;0;0;0.0
27/09/2026;04:53:00;0.551;0.013;238.78;2.32;0;0;0.0
27/09/2026;04:54:00;0.322;0.204;241.49;1.35;0;0;0.0
27/09/2026;04:55:00;0.518;0.417;234.68;2.17;0;0;0.0
27/09/2026;04:56:00;0.473;0.446;240.89;1.99;0;0;0.0
27/09/2026;04:57:00;0.14;0.192;241.83;0.59;0;0;0.0
27/09/2026;04:58:00;0.453;0.421;241.12;1.9;0;0;0.0
27/09/2026;04:59:00;0.567;0.004;241.31;2.38;0;0;0.0
27/09/2026;05:00:00;0.465;0.142;241.0;1.95;0;0;0.0
27/09/2026;05:01:00;0.198;0.287;242.33;0.83;0;0;0.0
27/09/2026;05:02:00;0.448;0.148;239.15;1.88;0;0;0.0
27/09/2026;05:03:00;0.545;0.232;244.77;2.29;0;0;0.0
27/09/2026;05:04:00;0.428;0.257;239.33;1.8;0;0;0.0
27/09/2026;05:05:00;0.32;0.204;242.25;1.35;0;0;0.0
27/09/2026;05:06:00;0.338;0.036;238.71;1.42;0;0;0.0
27/09/2026;05:07:00;0.489;0.049;237.43;2.05;0;0;0.0
27/09/2026;05:08:00;0.575;0.432;239.12;2.41;0;0;0.0
27/09/2026;05:09:00;0.331;0.126;242.18;1.39;0;0;0.0
27/09/2026;05:10:00;0.948;0.498;240.43;3.98;0;0;0.0
27/09/2026;05:11:00;0.553;0.052;241.87;2.32;0;0;0.0
27/09/2026;05:12:00;0.511;0.389;238.77;2.15;0;0;0.0
27/09/2026;05:13:00;0.816;0.345;238.13;3.43;0;0;0.0
27/09/2026;05:14:00;0.768;0.161;240.6;3.23;0;0;0.0
27/09/2026;05:15:00;0.983;0.354;239.71;4.13;0;0;0.0
27/09/2026;05:16:00;0.696;0.425;239.45;2.92;0;0;0.0
27/09/2026;05:17:00;0.319;0.165;244.49;1.34;0;0;0.0
27/09/2026;05:18:00;0.663;0.25;238.62;2.78;0;0;0.0
27/09/2026;05:19:00;0.618;0.463;235.31;2.6;0;0;0.0
27/09/2026;05:20:00;1.148;0.407;241.21;4.82;0;0;0.0
27/09/2026;05:21:00;0.48;0.17;241.99;2.01;0;0;0.0
27/09/2026;05:22:00;0.972;0.201;235.88;4.08;0;0;0.0
27/09/2026;05:23:00;0.856;0.063;242.99;3.59;0;0;0.0
27/09/2026;05:24:00;0.694;0.406;241.47;2.91;0;0;0.0
27/09/2026;05:25:00;0.706;0.006;240.22;2.96;0;0;0.0
27/09/2026;05:26:00;1.11;0.037;237.56;4.66;0;0;0.0
27/09/2026;05:27:00;0.951;0.37;239.26;3.99;0;0;0.0
27/09/2026;05:28:00;1.133;0.026;238.54;4.76;0;0;0.0
27/09/2026;05:29:00;0.698;0.313;243.84;2.93;0;0;0.0
27/09/2026;05:30:00;0.979;0.477;239.97;4.11;0;0;0.0
27/09/2026;05:31:00;0.556;0.318;238.96;2.34;0;0;0.0
27/09/2026;05:32:00;0.835;0.305;243.33;3.51;0;0;0.0
27/09/2026;05:33:00;0.272;0.101;240.76;1.14;0;0;0.0
27/09/2026;05:34:00;0.873;0.221;243.08;3.67;0;0;0.0
27/09/2026;05:35:00;0.839;0.35;239.69;3.52;0;0;0.0
27/09/2026;05:36:00;0.789;0.188;238.95;3.31;0;0;0.0
27/09/2026;05:37:00;0.739;0.056;241.56;3.11;0;0;0.0
27/09/2026;05:38:00;0.597;0.249;239.65;2.51;0;0;0.0
27/09/2026;05:39:00;0.781;0.166;241.78;3.28;0;0;0.0
27/09/2026;05:40:00;1.151;0.394;239.58;4.84;0;0;0.0
27/09/2026;05:41:00;1.163;0.022;241.83;4.88;0;0;0.0
27/09/2026;05:42:00;0.574;0.453;238.2;2.41;0;0;0.0
27/09/2026;05:43:00;0.89;0.296;242.33;3.74;0;0;0.0
27/09/2026;05:44:00;1.07;0.485;239.46;4.49;0;0;0.0
27/09/2026;05:45:00;1.148;0.167;238.79;4.82;0;0;0.0
27/09/2026;05:46:00;0.832;0.473;239.87;3.5;0;0;0.0
27/09/2026;05:47:00;1.17;0.413;237.58;4.92;0;0;0.0
27/09/2026;05:48:00;0.987;0.191;237.28;4.15;0;0;0.0
27/09/2026;05:49:00;0.525;0.075;238.83;2.21;0;0;0.0
27/09/2026;05:50:00;1.074;0.497;239.23;4.51;0;0;0.0
27/09/2026;05:51:00;0.926;0.23;239.51;3.89;0;0;0.0
27/09/2026;05:52:00;0.711;0.154;244.85;2.99;0;0;0.0
27/09/2026;05:53:00;1.008;0.451;237.61;4.23;0;0;0.0
27/09/2026;05:54:00;0.955;0.058;243.11;4.01;0;0;0.0
27/09/2026;05:55:00;1.068;0.132;239.44;4.49;0;0;0.0
27/09/2026;05:56:00;1.217;0.045;241.17;5.11;0;0;0.0
27/09/2026;05:57:00;0.787;0.047;239.28;3.31;0;0;0.0
27/09/2026;05:58:00;1.374;0.175;240.89;5.77;0;0;0.0
27/09/2026;05:59:00;1.099;0.236;239.92;4.62;0;0;0.0
27/09/2026;06:00:00;0.757;0.361;235.47;3.18;0;0;0.0
27/09/2026;06:01:00;0.781;0.38;242.29;3.28;0;0;0.0
27/09/2026;06:02:00;1.161;0.026;241.28;4.88;0;0;0.0
27/09/2026;06:03:00;1.163;0.139;241.69;4.88;0;0;0.0
27/09/2026;06:04:00;0.73;0.161;240.47;3.07;0;0;0.0
27/09/2026;06:05:00;1.151;0.09;240.29;4.83;0;0;0.0
27/09/2026;06:06:00;1.032;0.334;236.55;4.34;0;0;0.0
27/09/2026;06:07:00;1.054;0.37;239.28;4.43;0;0;0.0
27/09/2026;06:08:00;1.001;0.426;238.11;4.21;0;0;0.0
27/09/2026;06:09:00;0.872;0.213;238.95;3.66;0;0;0.0
27/09/2026;06:10:00;0.877;0.31;239.54;3.68;0;0;0.0
27/09/2026;06:11:00;1.518;0.152;243.24;6.38;0;0;0.0
27/09/2026;06:12:00;1.214;0.074;240.72;5.1;0;0;0.0
27/09/2026;06:13:00;1.107;0.215;240.48;4.65;0;0;0.0
27/09/2026;06:14:00;1.025;0.192;244.26;4.3;0;0;0.0
27/09/2026;06:15:00;0.814;0.02;241.29;3.42;0;0;0.0
27/09/2026;06:16:00;1.221;0.221;237.16;5.13;0;0;0.0
27/09/2026;06:17:00;0.923;0.49;240.5;3.88;0;0;0.0
27/09/2026;06:18:00;1.088;0.098;240.58;4.57;0;0;0.0
27/09/2026;06:19:00;1.196;0.305;235.74;5.02;0;0;0.0
27/09/2026;06:20:00;1.017;0.304;236.97;4.27;0;0;0.0
27/09/2026;06:21:00;1.32;0.326;239.13;5.54;0;0;0.0
27/09/2026;06:22:00;1.028;0.196;238.81;4.32;0;0;0.0
27/09/2026;06:23:00;0.999;0.003;242.4;4.2;0;0;0.0
27/09/2026;06:24:00;1.391;0.016;245.05;5.84;0;0;0.0
27/09/2026;06:25:00;1.177;0.291;240.73;4.94;0;0;0.0
27/09/2026;06:26:00;1.084;0.297;234.87;4.55;0;0;0.0
27/09/2026;06:27:00;1.193;0.358;239.22;5.01;0;0;0.0
27/09/2026;06:28:00;1.461;0.304;240.27;6.14;0;0;0.0
27/09/2026;06:29:00;1.076;0.468;239.41;4.52;0;0;0.0
27/09/2026;06:30:00;1.001;0.416;242.98;4.2;0;0;0.0
27/09/2026;06:31:00;1.154;0.498;239.36;4.85;0;0;0.0
27/09/2026;06:32:00;1.117;0.122;238.21;4.69;0;0;0.0
27/09/2026;06:33:00;1.435;0.426;240.52;6.03;0;0;0.0
27/09/2026;06:34:00;0.885;0.196;241.85;3.72;0;0;0.0
27/09/2026;06:35:00;1.606;0.346;241.63;6.75;0;0;0.0
27/09/2026;06:36:00;1.024;0.129;241.83;4.3;0;0;0.0
27/09/2026;06:37:00;1.387;0.061;241.47;5.82;0;0;0.0
27/09/2026;06:38:00;1.289;0.091;243.98;5.41;0;0;0.0
27/09/2026;06:39:00;1.601;0.143;237.67;6.72;0;0;0.0
27/09/2026;06:40:00;1.364;0.296;242.73;5.73;0;0;0.0
27/09/2026;06:41:00;1.273;0.188;237.34;5.35;0;0;0.0
27/09/2026;06:42:00;1.473;0.291;241.53;6.18;0;0;0.0
27/09/2026;06:43:00;1.498;0.352;244.23;6.29;0;0;0.0
27/09/2026;06:44:00;1.588;0.438;240.46;6.67;0;0;0.0
27/09/2026;06:45:00;0.948;0.234;235.37;3.98;0;0;0.0
27/09/2026;06:46:00;1.658;0.273;239.16;6.97;0;0;0.0
27/09/2026;06:47:00;1.44;0.441;237.08;6.05;0;0;0.0
27/09/2026;06:48:00;1.775;0.007;238.79;7.45;0;0;0.0
27/09/2026;06:49:00;1.338;0.31;242.53;5.62;0;0;0.0
27/09/2026;06:50:00;1.355;0.157;237.97;5.69;0;0;0.0
27/09/2026;06:51:00;1.544;0.097;240.64;6.48;0;0;0.0
27/09/2026;06:52:00;1.686;0.476;239.33;7.08;0;0;0.0
27/09/2026;06:53:00;1.934;0.433;242.91;8.12;0;0;0.0
27/09/2026;06:54:00;1.766;0.189;237.3;7.42;0;0;0.0
27/09/2026;06:55:00;1.623;0.073;240.31;6.81;0;0;0.0
27/09/2026;06:56:00;1.586;0.094;236.82;6.66;0;0;0.0
27/09/2026;06:57:00;1.234;0.074;237.41;5.18;0;0;0.0
27/09/2026;06:58:00;1.655;0.136;241.7;6.95;0;0;0.0
27/09/2026;06:59:00;1.514;0.216;240.38;6.36;0;0;0.0
27/09/2026;07:00:00;1.63;0.115;239.57;6.85;0;0;0.0
27/09/2026;07:01:00;1.778;0.121;240.04;7.47;10;0;0.0
27/09/2026;07:02:00;1.484;0.433;242.75;6.23;10;0;0.0
27/09/2026;07:03:00;1.566;0.487;237.76;6.58;10;0;0.0
27/09/2026;07:04:00;1.33;0.264;239.51;5.59;10;0;0.0
27/09/2026;07:05:00;1.537;0.426;241.2;6.46;10;0;0.0
27/09/2026;07:06:00;1.376;0.36;239.11;5.78;10;0;0.0
27/09/2026;07:07:00;1.389;0.186;240.67;5.83;10;0;0.0
27/09/2026;07:08:00;1.318;0.417;241.38;5.54;10;0;0.0
27/09/2026;07:09:00;1.566;0.213;243.04;6.58;10;0;0.0
27/09/2026;07:10:00;1.658;0.084;239.35;6.96;10;0;0.0
27/09/2026;07:11:00;1.644;0.153;242.69;6.9;10;0;0.0
27/09/2026;07:12:00;1.569;0.382;239.26;6.59;10;0;0.0
27/09/2026;07:13:00;1.414;0.188;236.3;5.94;10;0;0.0
27/09/2026;07:14:00;1.62;0.452;239.45;6.8;10;0;0.0
27/09/2026;07:15:00;1.284;0.051;240.09;5.39;10;0;0.0
27/09/2026;07:16:00;1.621;0.1;239.59;6.81;10;0;0.0
27/09/2026;07:17:00;1.602;0.383;238.49;6.73;10;0;0.0
27/09/2026;07:18:00;1.482;0.011;239.7;6.23;10;0;0.0
27/09/2026;07:19:00;1.892;0.015;241.27;7.95;10;0;0.0
27/09/2026;07:20:00;1.885;0.22;240.39;7.92;10;0;0.0
27/09/2026;07:21:00;1.701;0.154;240.03;7.14;10;0;0.0
27/09/2026;07:22:00;1.222;0.3;243.68;5.13;10;0;0.0
27/09/2026;07:23:00;1.739;0.032;239.27;7.31;10;0;0.0
27/09/2026;07:24:00;1.709;0.409;237.6;7.18;10;0;0.0
27/09/2026;07:25:00;1.545;0.285;239.27;6.49;10;0;0.0
27/09/2026;07:26:00;2.008;0.465;239.73;8.43;10;0;10.0
27/09/2026;07:27:00;1.522;0.093;242.01;6.39;10;0;0.0
27/09/2026;07:28:00;1.821;0.34;238.2;7.65;10;0;0.0
27/09/2026;07:29:00;1.947;0.458;242.4;8.18;10;0;0.0
27/09/2026;07:30:00;1.861;0.436;238.49;7.82;10;0;0.0
27/09/2026;07:31:00;1.981;0.491;237.35;8.32;10;0;0.0
27/09/2026;07:32:00;1.752;0.48;240.1;7.36;10;0;0.0
27/09/2026;07:33:00;1.882;0.156;243.54;7.91;10;0;0.0
27/09/2026;07:34:00;1.789;0.376;240.14;7.51;10;0;0.0
27/09/2026;07:35:00;2.373;0.431;237.52;9.97;10;0;12.0
27/09/2026;07:36:00;1.737;0.109;240.14;7.29;10;0;0.0
27/09/2026;07:37:00;2.167;0.041;237.65;9.1;10;0;11.0
27/09/2026;07:38:00;1.793;0.156;239.93;7.53;10;0;0.0
27/09/2026;07:39:00;1.621;0.413;239.53;6.81;10;0;0.0
27/09/2026;07:40:00;1.973;0.319;240.55;8.28;10;0;0.0
27/09/2026;07:41:00;2.341;0.067;240.8;9.83;10;0;12.0
27/09/2026;07:42:00;1.693;0.034;240.51;7.11;10;0;0.0
27/09/2026;07:43:00;2.12;0.027;242.07;8.9;10;0;11.0
27/09/2026;07:44:00;2.123;0.057;239.79;8.92;10;0;11.0
27/09/2026;07:45:00;1.75;0.079;238.89;7.35;10;0;0.0
27/09/2026;07:46:00;1.701;0.052;237.82;7.15;10;0;0.0
27/09/2026;07:47:00;1.92;0.278;238.97;8.06;10;0;0.0
27/09/2026;07:48:00;1.644;0.27;240.51;6.9;10;0;0.0
27/09/2026;07:49:00;1.879;0.107;238.17;7.89;10;0;0.0
27/09/2026;07:50:00;1.687;0.102;241.18;7.09;10;0;0.0
27/09/2026;07:51:00;2.047;0.343;239.5;8.6;10;0;10.0
27/09/2026;07:52:00;1.833;0.411;240.68;7.7;10;0;0.0
27/09/2026;07:53:00;2.231;0.146;240.8;9.37;10;0;11.0
27/09/2026;07:54:00;1.843;0.131;242.26;7.74;10;0;0.0
27/09/2026;07:55:00;1.926;0.479;240.0;8.09;10;0;0.0
27/09/2026;07:56:00;1.922;0.186;241.82;8.07;10;0;0.0
27/09/2026;07:57:00;1.715;0.299;241.12;7.2;10;0;0.0
27/09/2026;07:58:00;2.145;0.454;239.89;9.01;10;0;11.0
27/09/2026;07:59:00;1.91;0.296;239.3;8.02;10;0;0.0
27/09/2026;08:00:00;2.17;0.296;238.45;9.12;0;0;11.0
27/09/2026;08:01:00;2.373;0.101;243.59;9.97;0;0;12.0
27/09/2026;08:02:00;2.385;0.19;241.3;10.02;0;0;12.0
27/09/2026;08:03:00;2.309;0.365;241.81;9.7;0;0;12.0
27/09/2026;08:04:00;2.153;0.406;241.64;9.04;0;0;11.0
27/09/2026;08:05:00;2.092;0.439;242.89;8.79;0;0;10.0
27/09/2026;08:06:00;1.706;0.017;239.63;7.16;0;0;0.0
27/09/2026;08:07:00;1.732;0.246;239.17;7.27;0;0;0.0
27/09/2026;08:08:00;2.102;0.49;241.76;8.83;0;0;11.0
27/09/2026;08:09:00;1.983;0.293;241.66;8.33;0;0;0.0
27/09/2026;08:10:00;2.462;0.332;241.07;10.34;0;0;12.0
27/09/2026;08:11:00;2.179;0.455;238.92;9.15;0;0;11.0
27/09/2026;08:12:00;2.156;0.127;238.22;9.05;0;0;11.0
27/09/2026;08:13:00;2.131;0.375;242.19;8.95;0;0;11.0
27/09/2026;08:14:00;2.115;0.066;239.09;8.88;0;0;11.0
27/09/2026;08:15:00;2.385;0.08;241.91;10.02;0;0;12.0
27/09/2026;08:16:00;2.232;0.029;239.22;9.38;0;0;11.0
27/09/2026;08:17:00;2.075;0.194;236.29;8.72;0;0;10.0
27/09/2026;08:18:00;2.324;0.02;242.51;9.76;0;0;12.0
27/09/2026;08:19:00;2.151;0.193;240.69;9.04;0;0;11.0
27/09/2026;08:20:00;2.284;0.179;240.95;9.59;0;0;11.0
27/09/2026;08:21:00;1.837;0.24;240.67;7.72;0;0;0.0
27/09/2026;08:22:00;2.132;0.13;243.43;8.96;0;0;11.0
27/09/2026;08:23:00;1.887;0.128;239.66;7.93;0;0;0.0
27/09/2026;08:24:00;2.443;0.214;244.23;10.26;0;0;12.0
27/09/2026;08:25:00;2.525;0.455;239.55;10.6;0;0;13.0
27/09/2026;08:26:00;2.17;0.244;240.0;9.12;0;0;11.0
27/09/2026;08:27:00;2.488;0.414;240.27;10.45;0;0;12.0
27/09/2026;08:28:00;1.984;0.324;242.92;8.33;0;0;0.0
27/09/2026;08:29:00;2.337;0.178;243.33;9.81;0;0;12.0
27/09/2026;08:30:00;1.998;0.269;240.97;8.39;0;0;0.0
27/09/2026;08:31:00;1.987;0.035;242.29;8.35;0;0;0.0
27/09/2026;08:32:00;2.37;0.03;240.09;9.95;0;0;12.0
27/09/2026;08:33:00;2.569;0.138;242.87;10.79;0;0;13.0
27/09/2026;08:34:00;2.435;0.054;241.11;10.23;0;0;12.0
27/09/2026;08:35:00;2.009;0.273;237.93;8.44;0;0;10.0
27/09/2026;08:36:00;2.058;0.355;238.71;8.64;0;0;10.0
27/09/2026;08:37:00;2.12;0.353;237.92;8.91;0;0;11.0
27/09/2026;08:38:00;2.167;0.026;241.12;9.1;0;0;11.0
27/09/2026;08:39:00;2.175;0.008;239.92;9.14;0;0;11.0
27/09/2026;08:40:00;2.316;0.433;239.5;9.73;0;0;12.0
27/09/2026;08:41:00;2.078;0.155;238.51;8.73;0;0;10.0
27/09/2026;08:42:00;1.931;0.117;239.23;8.11;0;0;0.0
27/09/2026;08:43:00;2.548;0.405;240.83;10.7;0;0;13.0
27/09/2026;08:44:00;2.076;0.269;238.78;8.72;0;0;10.0
27/09/2026;08:45:00;2.151;0.025;240.29;9.04;0;0;11.0
27/09/2026;08:46:00;2.42;0.257;239.79;10.16;0;0;12.0
27/09/2026;08:47:00;2.352;0.304;241.52;9.88;0;0;12.0
27/09/2026;08:48:00;2.225;0.18;237.78;9.34;0;0;11.0
27/09/2026;08:49:00;2.456;0.495;239.68;10.31;0;0;12.0
27/09/2026;08:50:00;2.061;0.364;241.66;8.66;0;0;10.0
27/09/2026;08:51:00;1.856;0.46;238.33;7.8;0;0;0.0
27/09/2026;08:52:00;2.584;0.043;239.78;10.85;0;0;13.0
27/09/2026;08:53:00;2.423;0.275;242.27;10.18;0;0;12.0
27/09/2026;08:54:00;2.323;0.404;240.81;9.76;0;0;12.0
27/09/2026;08:55:00;2.131;0.058;235.29;8.95;0;0;11.0
27/09/2026;08:56:00;2.557;0.206;239.89;10.74;0;0;13.0
27/09/2026;08:57:00;2.61;0.011;241.86;10.96;0;0;13.0
27/09/2026;08:58:00;2.499;0.174;240.64;10.49;0;0;12.0
27/09/2026;08:59:00;2.127;0.147;242.28;8.93;0;0;11.0
27/09/2026;09:00:00;2.56;0.182;237.58;10.75;0;0;13.0
27/09/2026;09:01:00;2.308;0.147;242.42;9.69;0;0;12.0
27/09/2026;09:02:00;2.577;0.233;241.26;10.82;0;0;13.0
27/09/2026;09:03:00;2.559;0.155;239.3;10.75;0;0;13.0
27/09/2026;09:04:00;2.406;0.403;239.3;10.1;0;0;12.0
27/09/2026;09:05:00;2.659;0.392;239.57;11.17;0;0;13.0
27/09/2026;09:06:00;2.246;0.087;240.2;9.43;0;0;11.0
27/09/2026;09:07:00;2.471;0.386;239.93;10.38;0;0;12.0
27/09/2026;09:08:00;2.204;0.064;238.97;9.26;0;0;11.0
27/09/2026;09:09:00;2.504;0.401;236.03;10.52;0;0;13.0
27/09/2026;09:10:00;2.53;0.067;240.45;10.62;0;0;13.0
27/09/2026;09:11:00;2.426;0.216;240.84;10.19;0;0;12.0
27/09/2026;09:12:00;2.585;0.168;240.5;10.86;0;0;13.0
27/09/2026;09:13:00;2.193;0.111;240.58;9.21;0;0;11.0
27/09/2026;09:14:00;2.252;0.054;242.52;9.46;0;0;11.0
27/09/2026;09:15:00;2.734;0.467;242.04;11.48;0;0;14.0
27/09/2026;09:16:00;2.2;0.162;243.3;9.24;0;0;11.0
27/09/2026;09:17:00;2.493;0.239;239.27;10.47;0;0;12.0
27/09/2026;09:18:00;2.235;0.343;241.46;9.39;0;0;11.0
27/09/2026;09:19:00;2.448;0.18;240.94;10.28;0;0;12.0
27/09/2026;09:20:00;2.525;0.041;240.82;10.61;0;0;13.0
27/09/2026;09:21:00;2.611;0.009;237.03;10.97;0;0;13.0
27/09/2026;09:22:00;2.62;0.302;240.32;11.0;0;0;13.0
27/09/2026;09:23:00;2.446;0.437;239.36;10.27;0;0;12.0
27/09/2026;09:24:00;2.315;0.302;238.55;9.72;0;0;12.0
27/09/2026;09:25:00;2.571;0.285;241.1;10.8;0;0;13.0
27/09/2026;09:26:00;2.815;0.41;238.49;11.82;0;0;14.0
27/09/2026;09:27:00;2.457;0.009;239.63;10.32;0;0;12.0
27/09/2026;09:28:00;2.58;0.298;241.21;10.84;0;0;13.0
27/09/2026;09:29:00;2.188;0.496;237.65;9.19;0;0;11.0
27/09/2026;09:30:00;2.757;0.216;242.96;11.58;0;0;14.0
27/09/2026;09:31:00;3.051;0.392;241.77;12.81;0;0;15.0
27/09/2026;09:32:00;2.58;0.175;237.5;10.84;0;0;13.0
27/09/2026;09:33:00;2.491;0.407;239.32;10.46;0;0;12.0
27/09/2026;09:34:00;2.545;0.343;242.47;10.69;0;0;13.0
27/09/2026;09:35:00;2.663;0.221;238.22;11.18;0;0;13.0
27/09/2026;09:36:00;2.346;0.018;237.59;9.85;0;0;12.0
27/09/2026;09:37:00;2.563;0.381;241.81;10.76;0;0;13.0
27/09/2026;09:38:00;2.97;0.26;238.01;12.47;0;0;15.0
27/09/2026;09:39:00;2.785;0.269;241.66;11.7;0;0;14.0
27/09/2026;09:40:00;2.684;0.415;240.3;11.27;0;0;13.0
27/09/2026;09:41:00;2.627;0.31;239.06;11.03;0;0;13.0
27/09/2026;09:42:00;2.774;0.332;243.66;11.65;0;0;14.0
27/09/2026;09:43:00;2.582;0.114;241.27;10.84;0;0;13.0
27/09/2026;09:44:00;2.473;0.227;239.6;10.39;0;0;12.0
27/09/2026;09:45:00;2.457;0.073;239.42;10.32;0;0;12.0
27/09/2026;09:46:00;2.809;0.449;241.79;11.8;0;0;14.0
27/09/2026;09:47:00;2.955;0.242;237.28;12.41;0;0;15.0
27/09/2026;09:48:00;2.587;0.17;242.54;10.87;0;0;13.0
27/09/2026;09:49:00;2.685;0.046;240.13;11.28;0;0;13.0
27/09/2026;09:50:00;2.654;0.259;240.53;11.15;0;0;13.0
27/09/2026;09:51:00;2.591;0.266;236.67;10.88;0;0;13.0
27/09/2026;09:52:00;2.909;0.064;241.59;12.22;0;0;15.0
27/09/2026;09:53:00;2.347;0.238;242.11;9.86;0;0;12.0
27/09/2026;09:54:00;3.086;0.023;244.04;12.96;0;0;15.0
27/09/2026;09:55:00;2.972;0.482;240.44;12.48;0;0;15.0
27/09/2026;09:56:00;2.905;0.442;242.11;12.2;0;0;15.0
27/09/2026;09:57:00;2.982;0.241;240.48;12.53;0;0;15.0
27/09/2026;09:58:00;2.767;0.279;240.7;11.62;0;0;14.0
27/09/2026;09:59:00;2.805;0.075;241.49;11.78;0;0;14.0
27/09/2026;10:00:00;3.027;0.485;238.18;12.71;0;0;15.0
27/09/2026;10:01:00;2.82;0.241;243.47;11.85;0;20;14.0
27/09/2026;10:02:00;2.83;0.406;236.46;11.89;0;20;14.0
27/09/2026;10:03:00;2.771;0.358;238.82;11.64;0;20;14.0
27/09/2026;10:04:00;2.911;0.481;238.49;12.23;0;20;15.0
27/09/2026;10:05:00;2.579;0.219;237.43;10.83;0;20;13.0
27/09/2026;10:06:00;2.706;0.249;235.47;11.37;0;20;14.0
27/09/2026;10:07:00;2.913;0.335;237.8;12.24;0;20;15.0
27/09/2026;10:08:00;2.628;0.484;240.99;11.04;0;20;13.0
27/09/2026;10:09:00;2.726;0.309;241.59;11.45;0;20;14.0
27/09/2026;10:10:00;2.577;0.42;239.46;10.82;0;20;13.0
27/09/2026;10:11:00;2.507;0.005;241.22;10.53;0;20;13.0
27/09/2026;10:12:00;2.937;0.334;241.82;12.33;0;20;15.0
27/09/2026;10:13:00;2.326;0.006;237.08;9.77;0;20;12.0
27/09/2026;10:14:00;3.042;0.48;236.61;12.78;0;20;15.0
27/09/2026;10:15:00;2.719;0.114;242.21;11.42;0;20;14.0
27/09/2026;10:16:00;2.797;0.214;239.75;11.75;0;20;14.0
27/09/2026;10:17:00;2.931;0.445;238.78;12.31;0;20;15.0
27/09/2026;10:18:00;2.65;0.011;239.46;11.13;0;20;13.0
27/09/2026;10:19:00;2.689;0.108;240.43;11.29;0;20;13.0
27/09/2026;10:20:00;2.757;0.297;239.54;11.58;0;20;14.0
27/09/2026;10:21:00;2.925;0.423;237.82;12.28;0;20;15.0
27/09/2026;10:22:00;2.604;0.369;239.22;10.94;0;20;13.0
27/09/2026;10:23:00;2.758;0.025;239.48;11.59;0;20;14.0
27/09/2026;10:24:00;2.481;0.272;239.0;10.42;0;20;12.0
27/09/2026;10:25:00;2.941;0.043;239.42;12.35;0;20;15.0
27/09/2026;10:26:00;2.64;0.0;239.79;11.09;0;20;13.0
27/09/2026;10:27:00;2.853;0.036;238.72;11.98;0;20;14.0
27/09/2026;10:28:00;2.802;0.425;242.14;11.77;0;20;14.0
27/09/2026;10:29:00;2.855;0.17;238.92;11.99;0;20;14.0
27/09/2026;10:30:00;3.051;0.09;237.94;12.81;0;20;15.0
27/09/2026;10:31:00;2.961;0.027;239.24;12.44;0;20;15.0
27/09/2026;10:32:00;2.664;0.068;238.64;11.19;0;20;13.0
27/09/2026;10:33:00;2.968;0.32;240.15;12.47;0;20;15.0
27/09/2026;10:34:00;2.741;0.268;242.71;11.51;0;20;14.0
27/09/2026;10:35:00;2.797;0.283;240.45;11.75;0;20;14.0
27/09/2026;10:36:00;2.857;0.28;240.84;12.0;0;20;14.0
27/09/2026;10:37:00;2.654;0.181;240.11;11.15;0;20;13.0
27/09/2026;10:38:00;2.973;0.431;240.74;12.49;0;20;15.0
27/09/2026;10:39:00;3.127;0.22;239.25;13.13;0;20;16.0
27/09/2026;10:40:00;3.086;0.396;241.24;12.96;0;20;15.0
27/09/2026;10:41:00;3.098;0.13;239.31;13.01;0;20;15.0
27/09/2026;10:42:00;3.147;0.12;238.55;13.22;0;20;16.0
27/09/2026;10:43:00;3.166;0.363;239.31;13.3;0;20;16.0
27/09/2026;10:44:00;2.738;0.018;239.27;11.5;0;20;14.0
27/09/2026;10:45:00;2.84;0.132;241.16;11.93;0;20;14.0
27/09/2026;10:46:00;2.866;0.199;242.05;12.04;0;20;14.0
27/09/2026;10:47:00;2.559;0.124;239.27;10.75;0;20;13.0
27/09/2026;10:48:00;2.942;0.302;237.7;12.35;0;20;15.0
27/09/2026;10:49:00;2.812;0.249;238.26;11.81;0;20;14.0
27/09/2026;10:50:00;2.919;0.454;237.4;12.26;0;20;15.0
27/09/2026;10:51:00;2.836;0.11;236.69;11.91;0;20;14.0
27/09/2026;10:52:00;3.114;0.171;238.86;13.08;0;20;16.0
27/09/2026;10:53:00;2.743;0.498;240.61;11.52;0;20;14.0
27/09/2026;10:54:00;2.735;0.328;240.55;11.49;0;20;14.0
27/09/2026;10:55:00;2.868;0.016;241.46;12.05;0;20;14.0
27/09/2026;10:56:00;2.741;0.479;241.78;11.51;0;20;14.0
27/09/2026;10:57:00;2.736;0.068;237.2;11.49;0;20;14.0
27/09/2026;10:58:00;3.035;0.439;241.35;12.75;0;20;15.0
27/09/2026;10:59:00;3.005;0.143;244.91;12.62;0;20;15.0
27/09/2026;11:00:00;2.783;0.452;244.24;11.69;0;0;14.0
27/09/2026;11:01:00;3.098;0.124;238.85;13.01;0;0;15.0
27/09/2026;11:02:00;3.103;0.167;244.96;13.03;0;0;16.0
27/09/2026;11:03:00;2.967;0.346;241.73;12.46;0;0;15.0
27/09/2026;11:04:00;3.403;0.498;240.97;14.29;0;0;17.0
27/09/2026;11:05:00;3.11;0.089;240.96;13.06;0;0;16.0
27/09/2026;11:06:00;3.171;0.271;242.66;13.32;0;0;16.0
27/09/2026;11:07:00;2.907;0.486;240.58;12.21;0;0;15.0
27/09/2026;11:08:00;3.296;0.125;237.36;13.84;0;0;16.0
27/09/2026;11:09:00;3.132;0.111;240.19;13.15;0;0;16.0
27/09/2026;11:10:00;3.071;0.369;237.68;12.9;0;0;15.0
27/09/2026;11:11:00;2.67;0.131;238.79;11.21;0;0;13.0
27/09/2026;11:12:00;2.833;0.264;241.0;11.9;0;0;14.0
27/09/2026;11:13:00;2.829;0.424;238.97;11.88;0;0;14.0
27/09/2026;11:14:00;3.308;0.305;242.17;13.89;0;0;17.0
27/09/2026;11:15:00;3.17;0.109;236.99;13.31;0;0;16.0
27/09/2026;11:16:00;2.919;0.332;240.27;12.26;0;0;15.0
27/09/2026;11:17:00;2.551;0.235;240.7;10.71;0;0;13.0
27/09/2026;11:18:00;2.929;0.431;240.14;12.3;0;0;15.0
27/09/2026;11:19:00;3.206;0.101;243.8;13.47;0;0;16.0
27/09/2026;11:20:00;2.889;0.258;236.3;12.14;0;0;14.0
27/09/2026;11:21:00;2.891;0.44;237.44;12.14;0;0;14.0
27/09/2026;11:22:00;3.149;0.222;242.46;13.23;0;0;16.0
27/09/2026;11:23:00;2.858;0.169;237.58;12.0;0;0;14.0
27/09/2026;11:24:00;3.076;0.15;242.03;12.92;0;0;15.0
27/09/2026;11:25:00;2.769;0.384;243.81;11.63;0;0;14.0
27/09/2026;11:26:00;3.183;0.261;241.14;13.37;0;0;16.0
27/09/2026;11:27:00;2.677;0.102;236.21;11.24;0;0;13.0
27/09/2026;11:28:00;2.953;0.267;238.85;12.4;0;0;15.0
27/09/2026;11:29:00;2.576;0.488;237.74;10.82;0;0;13.0
27/09/2026;11:30:00;2.842;0.087;244.22;11.94;0;0;14.0
27/09/2026;11:31:00;2.604;0.38;239.52;10.94;0;0;13.0
27/09/2026;11:32:00;2.818;0.233;240.26;11.83;0;0;14.0
27/09/2026;11:33:00;3.096;0.341;238.67;13.0;0;0;15.0
27/09/2026;11:34:00;3.238;0.008;241.77;13.6;0;0;16.0
27/09/2026;11:35:00;3.07;0.41;245.55;12.9;0;0;15.0
27/09/2026;11:36:00;2.974;0.42;238.08;12.49;0;0;15.0
27/09/2026;11:37:00;3.192;0.434;237.45;13.41;0;0;16.0
27/09/2026;11:38:00;2.97;0.148;235.63;12.48;0;0;15.0
27/09/2026;11:39:00;3.174;0.312;243.21;13.33;0;0;16.0
27/09/2026;11:40:00;2.465;0.417;242.0;10.35;0;0;12.0
27/09/2026;11:41:00;2.611;0.027;239.51;10.97;0;0;13.0
27/09/2026;11:42:00;3.145;0.438;240.72;13.21;0;0;16.0
27/09/2026;11:43:00;2.872;0.16;236.6;12.06;0;0;14.0
27/09/2026;11:44:00;3.259;0.399;243.56;13.69;0;0;16.0
27/09/2026;11:45:00;2.935;0.464;242.25;12.33;0;0;15.0
27/09/2026;11:46:00;3.285;0.306;244.38;13.8;0;0;16.0
27/09/2026;11:47:00;2.782;0.417;241.0;11.69;0;0;14.0
27/09/2026;11:48:00;3.055;0.114;242.95;12.83;0;0;15.0
27/09/2026;11:49:00;2.863;0.26;239.93;12.02;0;0;14.0
27/09/2026;11:50:00;3.185;0.125;241.12;13.38;0;0;16.0
27/09/2026;11:51:00;2.926;0.483;240.86;12.29;0;0;15.0
27/09/2026;11:52:00;2.987;0.36;238.27;12.55;0;0;15.0
27/09/2026;11:53:00;3.318;0.46;240.29;13.94;0;0;17.0
27/09/2026;11:54:00;3.005;0.005;237.16;12.62;0;0;15.0
27/09/2026;11:55:00;2.986;0.351;237.33;12.54;0;0;15.0
27/09/2026;11:56:00;2.889;0.262;243.04;12.13;0;0;14.0
27/09/2026;11:57:00;2.924;0.057;240.45;12.28;0;0;15.0
27/09/2026;11:58:00;2.872;0.02;242.1;12.06;0;0;14.0
27/09/2026;11:59:00;2.759;0.057;240.94;11.59;0;0;14.0
27/09/2026;12:00:00;3.123;0.3;241.42;13.12;0;0;16.0
27/09/2026;12:01:00;3.023;0.165;240.25;12.7;0;0;15.0
27/09/2026;12:02:00;3.058;0.285;245.23;12.84;0;0;15.0
27/09/2026;12:03:00;2.797;0.413;239.65;11.75;0;0;14.0
27/09/2026;12:04:00;3.194;0.318;235.27;13.42;0;0;16.0
27/09/2026;12:05:00;2.87;0.437;239.29;12.05;0;0;14.0
27/09/2026;12:06:00;2.893;0.385;242.1;12.15;0;0;14.0
27/09/2026;12:07:00;2.841;0.449;238.44;11.93;0;0;14.0
27/09/2026;12:08:00;3.049;0.344;236.18;12.81;0;0;15.0
27/09/2026;12:09:00;3.14;0.468;243.37;13.19;0;0;16.0
27/09/2026;12:10:00;3.054;0.372;240.86;12.83;0;0;15.0
27/09/2026;12:11:00;3.187;0.272;239.88;13.39;0;0;16.0
27/09/2026;12:12:00;3.169;0.198;239.5;13.31;0;0;16.0
27/09/2026;12:13:00;2.74;0.316;238.37;11.51;0;0;14.0
27/09/2026;12:14:00;2.892;0.04;244.36;12.15;0;0;14.0
27/09/2026;12:15:00;2.716;0.479;238.39;11.41;0;0;14.0
27/09/2026;12:16:00;3.249;0.314;239.18;13.65;0;0;16.0
27/09/2026;12:17:00;2.945;0.113;241.45;12.37;0;0;15.0
27/09/2026;12:18:00;2.964;0.438;239.93;12.45;0;0;15.0
27/09/2026;12:19:00;2.908;0.288;239.53;12.21;0;0;15.0
27/09/2026;12:20:00;2.877;0.109;238.05;12.08;0;0;14.0
27/09/2026;12:21:00;3.161;0.351;238.74;13.27;0;0;16.0
27/09/2026;12:22:00;3.063;0.013;237.88;12.86;0;0;15.0
27/09/2026;12:23:00;3.138;0.241;238.32;13.18;0;0;16.0
27/09/2026;12:24:00;2.887;0.174;242.03;12.13;0;0;14.0
27/09/2026;12:25:00;3.448;0.369;240.12;14.48;0;0;17.0
27/09/2026;12:26:00;3.125;0.302;240.04;13.13;0;0;16.0
27/09/2026;12:27:00;3.042;0.308;235.0;12.78;0;0;15.0
27/09/2026;12:28:00;2.839;0.118;240.39;11.93;0;0;14.0
27/09/2026;12:29:00;2.972;0.06;238.96;12.48;0;0;15.0
27/09/2026;12:30:00;2.966;0.173;239.44;12.46;0;0;15.0
27/09/2026;12:31:00;3.031;0.489;239.6;12.73;0;0;15.0
27/09/2026;12:32:00;2.759;0.398;244.06;11.59;0;0;14.0
27/09/2026;12:33:00;3.093;0.04;239.94;12.99;0;0;15.0
27/09/2026;12:34:00;2.795;0.329;238.09;11.74;0;0;14.0
27/09/2026;12:35:00;2.542;0.159;239.44;10.68;0;0;13.0
27/09/2026;12:36:00;3.013;0.039;241.49;12.65;0;0;15.0
27/09/2026;12:37:00;3.0;0.466;238.79;12.6;0;0;15.0
27/09/2026;12:38:00;3.008;0.407;242.07;12.63;0;0;15.0
27/09/2026;12:39:00;2.859;0.214;240.97;12.01;0;0;14.0
27/09/2026;12:40:00;2.918;0.482;241.92;12.25;0;0;15.0
27/09/2026;12:41:00;2.671;0.314;238.43;11.22;0;0;13.0
27/09/2026;12:42:00;2.917;0.311;238.62;12.25;0;0;15.0
27/09/2026;12:43:00;3.026;0.065;240.66;12.71;0;0;15.0
27/09/2026;12:44:00;2.675;0.36;241.92;11.23;0;0;13.0
27/09/2026;12:45:00;3.018;0.489;238.09;12.67;0;0;15.0
27/09/2026;12:46:00;2.878;0.224;237.87;12.09;0;0;14.0
27/09/2026;12:47:00;2.933;0.437;239.69;12.32;0;0;15.0
27/09/2026;12:48:00;2.721;0.126;239.69;11.43;0;0;14.0
27/09/2026;12:49:00;2.828;0.177;236.26;11.88;0;0;14.0
27/09/2026;12:50:00;3.13;0.192;239.26;13.15;0;0;16.0
27/09/2026;12:51:00;2.756;0.003;240.53;11.57;0;0;14.0
27/09/2026;12:52:00;2.557;0.397;239.45;10.74;0;0;13.0
27/09/2026;12:53:00;3.037;0.21;240.87;12.76;0;0;15.0
27/09/2026;12:54:00;2.801;0.007;241.17;11.76;0;0;14.0
27/09/2026;12:55:00;2.949;0.099;241.38;12.38;0;0;15.0
27/09/2026;12:56:00;2.79;0.249;238.46;11.72;0;0;14.0
27/09/2026;12:57:00;2.519;0.194;242.02;10.58;0;0;13.0
27/09/2026;12:58:00;3.043;0.378;237.27;12.78;0;0;15.0
27/09/2026;12:59:00;2.851;0.121;237.3;11.98;0;0;14.0
27/09/2026;13:00:00;2.809;0.133;242.64;11.8;0;0;14.0
27/09/2026;13:01:00;2.98;0.36;240.08;12.51;0;0;15.0
27/09/2026;13:02:00;3.143;0.451;240.02;13.2;0;0;16.0
27/09/2026;13:03:00;3.396;0.287;240.41;14.26;0;0;17.0
27/09/2026;13:04:00;3.027;0.112;242.44;12.71;0;0;15.0
27/09/2026;13:05:00;2.739;0.336;240.66;11.5;0;0;14.0
27/09/2026;13:06:00;2.955;0.218;239.48;12.41;0;0;15.0
27/09/2026;13:07:00;2.819;0.03;238.21;11.84;0;0;14.0
27/09/2026;13:08:00;2.684;0.388;241.95;11.27;0;0;13.0
27/09/2026;13:09:00;2.815;0.224;235.51;11.82;0;0;14.0
27/09/2026;13:10:00;3.023;0.249;238.11;12.7;0;0;15.0
27/09/2026;13:11:00;2.787;0.121;238.79;11.7;0;0;14.0
27/09/2026;13:12:00;3.014;0.349;239.69;12.66;0;0;15.0
27/09/2026;13:13:00;3.071;0.376;241.85;12.9;0;0;15.0
27/09/2026;13:14:00;3.241;0.399;240.35;13.61;0;0;16.0
27/09/2026;13:15:00;2.901;0.131;242.49;12.18;0;0;15.0
27/09/2026;13:16:00;3.162;0.096;238.48;13.28;0;0;16.0
27/09/2026;13:17:00;2.79;0.206;241.38;11.72;0;0;14.0
27/09/2026;13:18:00;2.609;0.442;236.15;10.96;0;0;13.0
27/09/2026;13:19:00;2.882;0.426;240.45;12.1;0;0;14.0
27/09/2026;13:20:00;2.944;0.139;238.36;12.36;0;0;15.0
27/09/2026;13:21:00;2.848;0.288;242.84;11.96;0;0;14.0
27/09/2026;13:22:00;2.843;0.322;236.58;11.94;0;0;14.0
27/09/2026;13:23:00;2.855;0.312;241.75;11.99;0;0;14.0
27/09/2026;13:24:00;2.618;0.4;242.41;11.0;0;0;13.0
27/09/2026;13:25:00;2.571;0.07;238.58;10.8;0;0;13.0
27/09/2026;13:26:00;2.729;0.327;238.3;11.46;0;0;14.0
27/09/2026;13:27:00;2.73;0.046;239.47;11.47;0;0;14.0
27/09/2026;13:28:00;2.755;0.068;240.92;11.57;0;0;14.0
27/09/2026;13:29:00;2.836;0.401;242.07;11.91;0;0;14.0
27/09/2026;13:30:00;2.766;0.073;238.91;11.62;0;0;14.0
27/09/2026;13:31:00;2.936;0.294;240.69;12.33;0;0;15.0
27/09/2026;13:32:00;3.0;0.393;240.76;12.6;0;0;15.0
27/09/2026;13:33:00;2.998;0.444;240.39;12.59;0;0;15.0
27/09/2026;13:34:00;3.135;0.258;240.49;13.17;0;0;16.0
27/09/2026;13:35:00;3.016;0.482;239.68;12.67;0;0;15.0
27/09/2026;13:36:00;2.786;0.352;241.08;11.7;0;0;14.0
27/09/2026;13:37:00;3.154;0.099;240.72;13.25;0;0;16.0
27/09/2026;13:38:00;3.018;0.372;237.82;12.68;0;0;15.0
27/09/2026;13:39:00;3.044;0.03;241.1;12.78;0;0;15.0
27/09/2026;13:40:00;2.766;0.378;239.05;11.62;0;0;14.0
27/09/2026;13:41:00;2.76;0.299;238.59;11.59;0;0;14.0
27/09/2026;13:42:00;2.829;0.287;238.61;11.88;0;0;14.0
27/09/2026;13:43:00;2.65;0.066;242.6;11.13;0;0;13.0
27/09/2026;13:44:00;2.948;0.323;239.78;12.38;0;0;15.0
27/09/2026;13:45:00;2.966;0.034;241.53;12.46;0;0;15.0
27/09/2026;13:46:00;2.648;0.287;239.76;11.12;0;0;13.0
27/09/2026;13:47:00;2.289;0.229;242.93;9.61;0;0;11.0
27/09/2026;13:48:00;3.015;0.019;243.21;12.66;0;0;15.0
27/09/2026;13:49:00;2.757;0.039;240.33;11.58;0;0;14.0
27/09/2026;13:50:00;2.48;0.449;239.53;10.42;0;0;12.0
27/09/2026;13:51:00;2.448;0.102;238.03;10.28;0;0;12.0
27/09/2026;13:52:00;2.929;0.121;242.87;12.3;0;0;15.0
27/09/2026;13:53:00;3.113;0.442;237.95;13.07;0;0;16.0
27/09/2026;13:54:00;2.791;0.428;239.01;11.72;0;0;14.0
27/09/2026;13:55:00;2.719;0.085;239.73;11.42;0;0;14.0
27/09/2026;13:56:00;2.78;0.04;238.94;11.68;0;0;14.0
27/09/2026;13:57:00;2.763;0.021;241.45;11.61;0;0;14.0
27/09/2026;13:58:00;2.879;0.221;238.46;12.09;0;0;14.0
27/09/2026;13:59:00;2.533;0.23;236.33;10.64;0;0;13.0
27/09/2026;14:00:00;8.5;0.121;237.14;35.7;0;0;42.0
27/09/2026;14:01:00;8.5;0.397;239.59;35.7;0;0;42.0
27/09/2026;14:02:00;8.5;0.019;242.54;35.7;0;0;42.0
27/09/2026;14:03:00;8.5;0.216;243.17;35.7;0;0;42.0
27/09/2026;14:04:00;8.5;0.391;240.43;35.7;0;0;42.0
27/09/2026;14:05:00;8.5;0.132;240.32;35.7;0;0;42.0
27/09/2026;14:06:00;8.5;0.33;242.4;35.7;0;0;42.0
27/09/2026;14:07:00;8.5;0.256;240.95;35.7;0;0;42.0
27/09/2026;14:08:00;8.5;0.235;240.46;35.7;0;0;42.0
27/09/2026;14:09:00;8.5;0.089;241.15;35.7;0;0;42.0
27/09/2026;14:10:00;8.5;0.293;240.32;35.7;0;0;42.0
27/09/2026;14:11:00;8.5;0.363;239.38;35.7;0;0;42.0
27/09/2026;14:12:00;8.5;0.484;239.12;35.7;0;0;42.0
27/09/2026;14:13:00;8.5;0.025;237.99;35.7;0;0;42.0
27/09/2026;14:14:00;8.5;0.032;241.75;35.7;0;0;42.0
27/09/2026;14:15:00;2.39;0.148;244.48;10.04;0;0;12.0
27/09/2026;14:16:00;2.579;0.083;243.81;10.83;0;0;13.0
27/09/2026;14:17:00;2.755;0.437;236.74;11.57;0;0;14.0
27/09/2026;14:18:00;2.651;0.048;241.32;11.13;0;0;13.0
27/09/2026;14:19:00;2.762;0.177;239.09;11.6;0;0;14.0
27/09/2026;14:20:00;2.478;0.488;239.28;10.41;0;0;12.0
27/09/2026;14:21:00;2.632;0.391;239.08;11.06;0;0;13.0
27/09/2026;14:22:00;2.895;0.415;240.18;12.16;0;0;14.0
27/09/2026;14:23:00;2.582;0.427;240.16;10.84;0;0;13.0
27/09/2026;14:24:00;2.674;0.189;238.07;11.23;0;0;13.0
27/09/2026;14:25:00;2.481;0.123;242.84;10.42;0;0;12.0
27/09/2026;14:26:00;2.623;0.13;242.4;11.02;0;0;13.0
27/09/2026;14:27:00;2.804;0.433;239.85;11.77;0;0;14.0
27/09/2026;14:28:00;2.666;0.279;238.12;11.2;0;0;13.0
27/09/2026;14:29:00;2.651;0.322;240.78;11.13;0;0;13.0
27/09/2026;14:30:00;2.466;0.5;236.76;10.36;0;0;12.0
27/09/2026;14:31:00;2.267;0.157;239.5;9.52;0;0;11.0
27/09/2026;14:32:00;2.726;0.16;242.72;11.45;0;0;14.0
27/09/2026;14:33:00;2.29;0.497;241.05;9.62;0;0;11.0
27/09/2026;14:34:00;2.6;0.313;240.11;10.92;0;0;13.0
27/09/2026;14:35:00;2.352;0.476;242.03;9.88;0;0;12.0
27/09/2026;14:36:00;2.425;0.08;239.23;10.19;0;0;12.0
27/09/2026;14:37:00;2.643;0.043;234.08;11.1;0;0;13.0
27/09/2026;14:38:00;2.368;0.117;240.36;9.95;0;0;12.0
27/09/2026;14:39:00;2.562;0.193;238.88;10.76;0;0;13.0
27/09/2026;14:40:00;2.405;0.151;238.8;10.1;0;0;12.0
27/09/2026;14:41:00;2.317;0.199;238.35;9.73;0;0;12.0
27/09/2026;14:42:00;2.574;0.273;240.5;10.81;0;0;13.0
27/09/2026;14:43:00;2.733;0.233;237.61;11.48;0;0;14.0
27/09/2026;14:44:00;2.429;0.129;240.19;10.2;0;0;12.0
27/09/2026;14:45:00;2.491;0.071;242.14;10.46;0;0;12.0
27/09/2026;14:46:00;2.319;0.294;234.16;9.74;0;0;12.0
27/09/2026;14:47:00;2.325;0.213;238.21;9.77;0;0;12.0
27/09/2026;14:48:00;2.496;0.346;238.84;10.48;0;0;12.0
27/09/2026;14:49:00;2.377;0.231;240.38;9.98;0;0;12.0
27/09/2026;14:50:00;2.614;0.183;240.15;10.98;0;0;13.0
27/09/2026;14:51:00;2.259;0.064;240.45;9.49;0;0;11.0
27/09/2026;14:52:00;2.362;0.399;238.11;9.92;0;0;12.0
27/09/2026;14:53:00;2.77;0.112;240.1;11.63;0;0;14.0
27/09/2026;14:54:00;2.243;0.199;242.31;9.42;0;0;11.0
27/09/2026;14:55:00;2.527;0.053;241.66;10.61;0;0;13.0
27/09/2026;14:56:00;1.924;0.39;241.4;8.08;0;0;0.0
27/09/2026;14:57:00;2.455;0.112;240.63;10.31;0;0;12.0
27/09/2026;14:58:00;2.446;0.454;240.58;10.27;0;0;12.0
27/09/2026;14:59:00;2.454;0.42;239.14;10.31;0;0;12.0
27/09/2026;15:00:00;2.35;0.061;241.53;9.87;0;0;12.0
27/09/2026;15:01:00;2.402;0.1;238.98;10.09;0;0;12.0
27/09/2026;15:02:00;2.226;0.352;239.31;9.35;0;0;11.0
27/09/2026;15:03:00;2.171;0.236;239.17;9.12;0;0;11.0
27/09/2026;15:04:00;2.381;0.377;240.01;10.0;0;0;12.0
27/09/2026;15:05:00;2.311;0.085;240.06;9.7;0;0;12.0
27/09/2026;15:06:00;2.724;0.108;240.53;11.44;0;0;14.0
27/09/2026;15:07:00;2.425;0.135;238.02;10.19;0;0;12.0
27/09/2026;15:08:00;2.378;0.056;242.53;9.99;0;0;12.0
27/09/2026;15:09:00;2.208;0.077;240.14;9.28;0;0;11.0
27/09/2026;15:10:00;2.407;0.422;241.62;10.11;0;0;12.0
27/09/2026;15:11:00;2.288;0.418;241.03;9.61;0;0;11.0
27/09/2026;15:12:00;2.079;0.153;239.51;8.73;0;0;10.0
27/09/2026;15:13:00;2.539;0.1;241.54;10.66;0;0;13.0
27/09/2026;15:14:00;2.233;0.345;242.11;9.38;0;0;11.0
27/09/2026;15:15:00;2.35;0.025;239.28;9.87;0;0;12.0
27/09/2026;15:16:00;2.336;0.038;240.51;9.81;0;0;12.0
27/09/2026;15:17:00;2.407;0.323;238.75;10.11;0;0;12.0
27/09/2026;15:18:00;2.224;0.211;238.47;9.34;0;0;11.0
27/09/2026;15:19:00;2.276;0.066;239.64;9.56;0;0;11.0
27/09/2026;15:20:00;2.468;0.227;239.58;10.37;0;0;12.0
27/09/2026;15:21:00;2.204;0.467;238.49;9.26;0;0;11.0
27/09/2026;15:22:00;2.361;0.057;245.42;9.92;0;0;12.0
27/09/2026;15:23:00;1.743;0.119;241.09;7.32;0;0;0.0
27/09/2026;15:24:00;2.503;0.298;237.91;10.51;0;0;13.0
27/09/2026;15:25:00;2.609;0.459;238.02;10.96;0;0;13.0
27/09/2026;15:26:00;2.393;0.076;238.12;10.05;0;0;12.0
27/09/2026;15:27:00;2.381;0.186;239.02;10.0;0;0;12.0
27/09/2026;15:28:00;2.341;0.369;240.21;9.83;0;0;12.0
27/09/2026;15:29:00;2.061;0.145;237.17;8.66;0;0;10.0
27/09/2026;15:30:00;2.231;0.043;240.46;9.37;0;0;11.0
27/09/2026;15:31:00;2.205;0.022;238.21;9.26;0;0;11.0
27/09/2026;15:32:00;1.898;0.206;240.83;7.97;0;0;0.0
27/09/2026;15:33:00;2.295;0.065;239.98;9.64;0;0;11.0
27/09/2026;15:34:00;2.015;0.185;240.44;8.46;0;0;10.0
27/09/2026;15:35:00;1.875;0.092;241.97;7.87;0;0;0.0
27/09/2026;15:36:00;2.355;0.487;237.01;9.89;0;0;12.0
27/09/2026;15:37:00;2.199;0.039;240.2;9.23;0;0;11.0
27/09/2026;15:38:00;2.271;0.226;241.71;9.54;0;0;11.0
27/09/2026;15:39:00;2.25;0.04;237.79;9.45;0;0;11.0
27/09/2026;15:40:00;2.464;0.269;237.15;10.35;0;0;12.0
27/09/2026;15:41:00;2.692;0.271;237.39;11.31;0;0;13.0
27/09/2026;15:42:00;2.069;0.481;241.64;8.69;0;0;10.0
27/09/2026;15:43:00;1.746;0.305;236.8;7.33;0;0;0.0
27/09/2026;15:44:00;2.093;0.437;243.33;8.79;0;0;10.0
27/09/2026;15:45:00;2.062;0.009;237.88;8.66;0;0;10.0
27/09/2026;15:46:00;2.123;0.174;241.24;8.92;0;0;11.0
27/09/2026;15:47:00;2.484;0.422;241.07;10.43;0;0;12.0
27/09/2026;15:48:00;1.941;0.328;235.98;8.15;0;0;0.0
27/09/2026;15:49:00;2.017;0.291;238.77;8.47;0;0;10.0
27/09/2026;15:50:00;2.234;0.241;239.82;9.38;0;0;11.0
27/09/2026;15:51:00;2.27;0.084;241.04;9.54;0;0;11.0
27/09/2026;15:52:00;2.345;0.101;241.42;9.85;0;0;12.0
27/09/2026;15:53:00;2.18;0.066;243.31;9.15;0;0;11.0
27/09/2026;15:54:00;2.036;0.181;240.42;8.55;0;0;10.0
27/09/2026;15:55:00;2.044;0.366;236.18;8.58;0;0;10.0
27/09/2026;15:56:00;2.228;0.448;243.6;9.36;0;0;11.0
27/09/2026;15:57:00;1.75;0.07;238.24;7.35;0;0;0.0
27/09/2026;15:58:00;1.913;0.385;240.59;8.04;0;0;0.0
27/09/2026;15:59:00;2.122;0.245;238.3;8.91;0;0;11.0
27/09/2026;16:00:00;1.862;0.36;238.57;7.82;0;0;0.0
27/09/2026;16:01:00;2.416;0.323;238.56;10.15;0;0;12.0
27/09/2026;16:02:00;2.192;0.224;241.52;9.21;0;0;11.0
27/09/2026;16:03:00;1.663;0.3;242.04;6.99;0;0;0.0
27/09/2026;16:04:00;1.762;0.028;240.49;7.4;0;0;0.0
27/09/2026;16:05:00;2.191;0.34;238.98;9.2;0;0;11.0
27/09/2026;16:06:00;1.828;0.192;239.34;7.68;0;0;0.0
27/09/2026;16:07:00;2.083;0.008;239.47;8.75;0;0;10.0
27/09/2026;16:08:00;2.074;0.248;237.89;8.71;0;0;10.0
27/09/2026;16:09:00;2.119;0.199;239.27;8.9;0;0;11.0
27/09/2026;16:10:00;2.037;0.476;234.32;8.56;0;0;10.0
27/09/2026;16:11:00;1.769;0.152;238.35;7.43;0;0;0.0
27/09/2026;16:12:00;2.172;0.355;237.7;9.12;0;0;11.0
27/09/2026;16:13:00;1.943;0.313;238.65;8.16;0;0;0.0
27/09/2026;16:14:00;2.319;0.244;239.91;9.74;0;0;12.0
27/09/2026;16:15:00;1.731;0.218;237.98;7.27;0;0;0.0
27/09/2026;16:16:00;1.684;0.294;239.69;7.07;0;0;0.0
27/09/2026;16:17:00;2.022;0.248;242.09;8.49;0;0;10.0
27/09/2026;16:18:00;1.708;0.495;237.94;7.17;0;0;0.0
27/09/2026;16:19:00;2.024;0.415;241.4;8.5;0;0;10.0
27/09/2026;16:20:00;2.111;0.288;240.46;8.86;0;0;11.0
27/09/2026;16:21:00;1.839;0.4;241.3;7.72;0;0;0.0
27/09/2026;16:22:00;1.897;0.429;237.34;7.97;0;0;0.0
27/09/2026;16:23:00;2.167;0.292;239.78;9.1;0;0;11.0
27/09/2026;16:24:00;1.793;0.246;244.68;7.53;0;0;0.0
27/09/2026;16:25:00;1.876;0.166;242.75;7.88;0;0;0.0
27/09/2026;16:26:00;2.096;0.487;238.15;8.8;0;0;10.0
27/09/2026;16:27:00;1.631;0.146;237.14;6.85;0;0;0.0
27/09/2026;16:28:00;1.714;0.106;240.01;7.2;0;0;0.0
27/09/2026;16:29:00;1.544;0.193;239.69;6.49;0;0;0.0
27/09/2026;16:30:00;1.858;0.458;240.22;7.8;0;0;0.0
27/09/2026;16:31:00;1.83;0.323;241.61;7.69;0;0;0.0
27/09/2026;16:32:00;1.964;0.497;239.6;8.25;0;0;0.0
27/09/2026;16:33:00;1.484;0.14;242.77;6.23;0;0;0.0
27/09/2026;16:34:00;1.876;0.389;239.78;7.88;0;0;0.0
27/09/2026;16:35:00;2.025;0.49;242.54;8.5;0;0;10.0
27/09/2026;16:36:00;1.804;0.327;239.77;7.58;0;0;0.0
27/09/2026;16:37:00;1.903;0.191;238.55;7.99;0;0;0.0
27/09/2026;16:38:00;1.82;0.384;241.46;7.64;0;0;0.0
27/09/2026;16:39:00;1.366;0.022;239.95;5.74;0;0;0.0
27/09/2026;16:40:00;1.636;0.347;239.06;6.87;0;0;0.0
27/09/2026;16:41:00;1.636;0.431;242.37;6.87;0;0;0.0
27/09/2026;16:42:00;1.587;0.239;242.38;6.67;0;0;0.0
27/09/2026;16:43:00;1.489;0.129;240.36;6.25;0;0;0.0
27/09/2026;16:44:00;1.478;0.242;244.43;6.21;0;0;0.0
27/09/2026;16:45:00;1.603;0.341;241.5;6.73;0;0;0.0
27/09/2026;16:46:00;1.72;0.154;240.94;7.22;0;0;0.0
27/09/2026;16:47:00;1.768;0.365;239.54;7.43;0;0;0.0
27/09/2026;16:48:00;1.57;0.114;239.7;6.6;0;0;0.0
27/09/2026;16:49:00;1.572;0.106;242.51;6.6;0;0;0.0
27/09/2026;16:50:00;1.699;0.449;239.59;7.14;0;0;0.0
27/09/2026;16:51:00;1.288;0.247;238.75;5.41;0;0;0.0
27/09/2026;16:52:00;1.629;0.439;238.65;6.84;0;0;0.0
27/09/2026;16:53:00;1.661;0.035;241.41;6.97;0;0;0.0
27/09/2026;16:54:00;1.634;0.372;241.15;6.86;0;0;0.0
27/09/2026;16:55:00;1.343;0.274;240.77;5.64;0;0;0.0
27/09/2026;16:56:00;1.589;0.363;237.2;6.67;0;0;0.0
27/09/2026;16:57:00;1.456;0.139;235.9;6.11;0;0;0.0
27/09/2026;16:58:00;1.719;0.298;243.13;7.22;0;0;0.0
27/09/2026;16:59:00;1.527;0.249;240.86;6.41;0;0;0.0
27/09/2026;17:00:00;1.671;0.497;241.44;7.02;0;0;0.0
27/09/2026;17:01:00;1.299;0.046;238.17;5.46;0;0;0.0
27/09/2026;17:02:00;1.678;0.22;242.76;7.05;0;0;0.0
27/09/2026;17:03:00;1.612;0.013;238.22;6.77;0;0;0.0
27/09/2026;17:04:00;1.464;0.071;239.76;6.15;0;0;0.0
27/09/2026;17:05:00;1.539;0.475;241.64;6.46;0;0;0.0
27/09/2026;17:06:00;1.416;0.472;243.04;5.95;0;0;0.0
27/09/2026;17:07:00;1.79;0.095;239.67;7.52;0;0;0.0
27/09/2026;17:08:00;1.576;0.199;240.35;6.62;0;0;0.0
27/09/2026;17:09:00;1.855;0.418;240.52;7.79;0;0;0.0
27/09/2026;17:10:00;1.455;0.308;235.89;6.11;0;0;0.0
27/09/2026;17:11:00;1.315;0.321;241.68;5.52;0;0;0.0
27/09/2026;17:12:00;1.149;0.485;244.15;4.82;0;0;0.0
27/09/2026;17:13:00;1.46;0.476;240.2;6.13;0;0;0.0
27/09/2026;17:14:00;1.613;0.03;241.26;6.78;0;0;0.0
27/09/2026;17:15:00;1.549;0.261;240.51;6.51;0;0;0.0
27/09/2026;17:16:00;1.741;0.053;240.95;7.31;0;0;0.0
27/09/2026;17:17:00;1.117;0.308;240.98;4.69;0;0;0.0
27/09/2026;17:18:00;1.786;0.213;240.25;7.5;0;0;0.0
27/09/2026;17:19:00;0.981;0.09;238.58;4.12;0;0;0.0
27/09/2026;17:20:00;0.875;0.194;240.84;3.67;0;0;0.0
27/09/2026;17:21:00;1.341;0.052;237.23;5.63;0;0;0.0
27/09/2026;17:22:00;1.204;0.272;237.18;5.06;0;0;0.0
27/09/2026;17:23:00;1.236;0.162;239.12;5.19;0;0;0.0
27/09/2026;17:24:00;0.744;0.482;238.05;3.13;0;0;0.0
27/09/2026;17:25:00;1.369;0.357;237.6;5.75;0;0;0.0
27/09/2026;17:26:00;1.354;0.344;240.93;5.69;0;0;0.0
27/09/2026;17:27:00;1.143;0.044;241.58;4.8;0;0;0.0
27/09/2026;17:28:00;1.224;0.2;235.79;5.14;0;0;0.0
27/09/2026;17:29:00;1.204;0.34;237.87;5.06;0;0;0.0
27/09/2026;17:30:00;1.022;0.064;240.31;4.29;0;0;0.0
27/09/2026;17:31:00;1.071;0.247;240.14;4.5;0;0;0.0
27/09/2026;17:32:00;1.474;0.422;239.09;6.19;0;0;0.0
27/09/2026;17:33:00;1.32;0.045;238.37;5.54;0;0;0.0
27/09/2026;17:34:00;1.299;0.471;243.43;5.46;0;0;0.0
27/09/2026;17:35:00;1.068;0.47;239.23;4.49;0;0;0.0
27/09/2026;17:36:00;1.213;0.001;240.17;5.1;0;0;0.0
27/09/2026;17:37:00;0.838;0.447;242.57;3.52;0;0;0.0
27/09/2026;17:38:00;1.253;0.065;235.31;5.26;0;0;0.0
27/09/2026;17:39:00;0.992;0.027;242.62;4.17;0;0;0.0
27/09/2026;17:40:00;1.005;0.063;242.03;4.22;0;0;0.0
27/09/2026;17:41:00;1.38;0.416;240.87;5.8;0;0;0.0
27/09/2026;17:42:00;1.22;0.481;240.54;5.12;0;0;0.0
27/09/2026;17:43:00;1.185;0.416;239.02;4.98;0;0;0.0
27/09/2026;17:44:00;0.917;0.157;240.24;3.85;0;0;0.0
27/09/2026;17:45:00;1.376;0.145;239.64;5.78;0;0;0.0
27/09/2026;17:46:00;1.082;0.078;240.2;4.54;0;0;0.0
27/09/2026;17:47:00;1.072;0.232;241.85;4.5;0;0;0.0
27/09/2026;17:48:00;1.254;0.17;239.96;5.27;0;0;0.0
27/09/2026;17:49:00;1.094;0.089;242.37;4.59;0;0;0.0
27/09/2026;17:50:00;1.139;0.437;238.06;4.79;0;0;0.0
27/09/2026;17:51:00;0.927;0.059;237.88;3.9;0;0;0.0
27/09/2026;17:52:00;0.987;0.238;237.64;4.15;0;0;0.0
27/09/2026;17:53:00;1.332;0.209;239.28;5.59;0;0;0.0
27/09/2026;17:54:00;1.023;0.179;240.8;4.29;0;0;0.0
27/09/2026;17:55:00;1.096;0.171;239.64;4.6;0;0;0.0
27/09/2026;17:56:00;1.296;0.409;241.98;5.44;0;0;0.0
27/09/2026;17:57:00;0.951;0.404;242.05;4.0;0;0;0.0
27/09/2026;17:58:00;1.124;0.044;242.71;4.72;0;0;0.0
27/09/2026;17:59:00;0.565;0.371;239.86;2.37;0;0;0.0
27/09/2026;18:00:00;1.174;0.189;240.21;4.93;0;0;0.0
27/09/2026;18:01:00;1.343;0.118;240.35;5.64;15;0;0.0
27/09/2026;18:02:00;1.026;0.345;243.15;4.31;15;0;0.0
27/09/2026;18:03:00;0.862;0.211;236.53;3.62;15;0;0.0
27/09/2026;18:04:00;1.216;0.381;240.21;5.11;15;0;0.0
27/09/2026;18:05:00;1.004;0.416;240.34;4.22;15;0;0.0
27/09/2026;18:06:00;0.771;0.404;239.99;3.24;15;0;0.0
27/09/2026;18:07:00;0.9;0.25;237.7;3.78;15;0;0.0
27/09/2026;18:08:00;0.843;0.396;241.56;3.54;15;0;0.0
27/09/2026;18:09:00;0.816;0.468;244.23;3.43;15;0;0.0
27/09/2026;18:10:00;1.086;0.03;238.58;4.56;15;0;0.0
27/09/2026;18:11:00;0.816;0.456;238.44;3.43;15;0;0.0
27/09/2026;18:12:00;1.058;0.179;239.32;4.44;15;0;0.0
27/09/2026;18:13:00;0.631;0.256;241.83;2.65;15;0;0.0
27/09/2026;18:14:00;0.806;0.182;244.25;3.38;15;0;0.0
27/09/2026;18:15:00;1.014;0.385;239.14;4.26;15;0;0.0
27/09/2026;18:16:00;0.804;0.267;239.36;3.38;15;0;0.0
27/09/2026;18:17:00;1.244;0.373;240.26;5.22;15;0;0.0
27/09/2026;18:18:00;0.993;0.479;237.36;4.17;15;0;0.0
27/09/2026;18:19:00;0.735;0.224;239.05;3.09;15;0;0.0
27/09/2026;18:20:00;0.65;0.413;238.42;2.73;15;0;0.0
27/09/2026;18:21:00;0.915;0.493;241.52;3.84;15;0;0.0
27/09/2026;18:22:00;1.08;0.373;239.34;4.53;15;0;0.0
27/09/2026;18:23:00;0.807;0.012;239.18;3.39;15;0;0.0
27/09/2026;18:24:00;1.224;0.033;237.56;5.14;15;0;0.0
27/09/2026;18:25:00;0.782;0.226;236.9;3.29;15;0;0.0
27/09/2026;18:26:00;0.576;0.183;237.69;2.42;15;0;0.0
27/09/2026;18:27:00;1.017;0.271;240.99;4.27;15;0;0.0
27/09/2026;18:28:00;0.648;0.235;242.9;2.72;15;0;0.0
27/09/2026;18:29:00;0.604;0.06;238.54;2.54;15;0;0.0
27/09/2026;18:30:00;0.839;0.351;236.4;3.53;15;0;0.0
27/09/2026;18:31:00;0.6;0.438;240.05;2.52;15;0;0.0
27/09/2026;18:32:00;0.656;0.383;240.69;2.76;15;0;0.0
27/09/2026;18:33:00;0.445;0.37;238.66;1.87;15;0;0.0
27/09/2026;18:34:00;0.927;0.181;238.81;3.89;15;0;0.0
27/09/2026;18:35:00;0.34;0.285;240.47;1.43;15;0;0.0
27/09/2026;18:36:00;1.137;0.178;241.22;4.78;15;0;0.0
27/09/2026;18:37:00;0.907;0.002;239.57;3.81;15;0;0.0
27/09/2026;18:38:00;0.267;0.048;237.65;1.12;15;0;0.0
27/09/2026;18:39:00;0.504;0.483;241.18;2.12;15;0;0.0
27/09/2026;18:40:00;0.48;0.397;241.58;2.01;15;0;0.0
27/09/2026;18:41:00;0.318;0.09;240.13;1.33;15;0;0.0
27/09/2026;18:42:00;0.581;0.007;236.52;2.44;15;0;0.0
27/09/2026;18:43:00;0.011;0.315;235.65;0.05;15;0;0.0
27/09/2026;18:44:00;0.795;0.259;239.46;3.34;15;0;0.0
27/09/2026;18:45:00;0.219;0.41;240.8;0.92;15;0;0.0
27/09/2026;18:46:00;0.677;0.235;237.7;2.84;15;0;0.0
27/09/2026;18:47:00;0.56;0.101;239.72;2.35;15;0;0.0
27/09/2026;18:48:00;0.755;0.177;239.91;3.17;15;0;0.0
27/09/2026;18:49:00;0.415;0.092;239.4;1.74;15;0;0.0
27/09/2026;18:50:00;0.472;0.328;238.78;1.98;15;0;0.0
27/09/2026;18:51:00;0.407;0.244;237.69;1.71;15;0;0.0
27/09/2026;18:52:00;0.836;0.466;237.48;3.51;15;0;0.0
27/09/2026;18:53:00;0.594;0.334;238.11;2.49;15;0;0.0
27/09/2026;18:54:00;0.562;0.056;239.91;2.36;15;0;0.0
27/09/2026;18:55:00;0.358;0.251;238.49;1.5;15;0;0.0
27/09/2026;18:56:00;0.403;0.315;237.98;1.69;15;0;0.0
27/09/2026;18:57:00;0.436;0.118;241.44;1.83;15;0;0.0
27/09/2026;18:58:00;0.649;0.234;238.67;2.72;15;0;0.0
27/09/2026;18:59:00;0.328;0.357;237.91;1.38;15;0;0.0
27/09/2026;19:00:00;0.528;0.135;240.85;2.22;0;0;0.0
27/09/2026;19:01:00;0.635;0.5;238.02;2.67;0;0;0.0
27/09/2026;19:02:00;0.555;0.448;238.32;2.33;0;0;0.0
27/09/2026;19:03:00;0.355;0.119;243.21;1.49;0;0;0.0
27/09/2026;19:04:00;0.459;0.059;241.34;1.93;0;0;0.0
27/09/2026;19:05:00;0.569;0.204;238.75;2.39;0;0;0.0
27/09/2026;19:06:00;0.741;0.072;240.6;3.11;0;0;0.0
27/09/2026;19:07:00;0.934;0.434;241.36;3.92;0;0;0.0
27/09/2026;19:08:00;0.371;0.399;237.61;1.56;0;0;0.0
27/09/2026;19:09:00;0.636;0.185;243.1;2.67;0;0;0.0
27/09/2026;19:10:00;0.257;0.459;240.58;1.08;0;0;0.0
27/09/2026;19:11:00;0.281;0.005;240.37;1.18;0;0;0.0
27/09/2026;19:12:00;0.981;0.499;235.33;4.12;0;0;0.0
27/09/2026;19:13:00;0.469;0.246;236.99;1.97;0;0;0.0
27/09/2026;19:14:00;0.331;0.028;239.65;1.39;0;0;0.0
27/09/2026;19:15:00;0.579;0.083;242.26;2.43;0;0;0.0
27/09/2026;19:16:00;0.736;0.442;238.57;3.09;0;0;0.0
27/09/2026;19:17:00;0.47;0.005;241.08;1.97;0;0;0.0
27/09/2026;19:18:00;0.785;0.042;237.87;3.3;0;0;0.0
27/09/2026;19:19:00;0.797;0.137;242.0;3.35;0;0;0.0
27/09/2026;19:20:00;0.057;0.191;238.23;0.24;0;0;0.0
27/09/2026;19:21:00;0.059;0.183;243.0;0.25;0;0;0.0
27/09/2026;19:22:00;0.553;0.497;241.76;2.32;0;0;0.0
27/09/2026;19:23:00;0.382;0.105;239.68;1.6;0;0;0.0
27/09/2026;19:24:00;0.176;0.047;241.81;0.74;0;0;0.0
27/09/2026;19:25:00;0.465;0.026;240.24;1.95;0;0;0.0
27/09/2026;19:26:00;0.532;0.102;239.22;2.24;0;0;0.0
27/09/2026;19:27:00;0.181;0.025;237.16;0.76;0;0;0.0
27/09/2026;19:28:00;0.268;0.361;238.99;1.12;0;0;0.0
27/09/2026;19:29:00;0.496;0.499;241.1;2.08;0;0;0.0
27/09/2026;19:30:00;0.886;0.045;238.67;3.72;0;0;0.0
27/09/2026;19:31:00;0.647;0.377;237.94;2.72;0;0;0.0
27/09/2026;19:32:00;0.111;0.43;242.23;0.47;0;0;0.0
27/09/2026;19:33:00;0.767;0.208;236.11;3.22;0;0;0.0
27/09/2026;19:34:00;0.335;0.498;240.81;1.41;0;0;0.0
27/09/2026;19:35:00;0.581;0.363;240.02;2.44;0;0;0.0
27/09/2026;19:36:00;0.645;0.123;240.1;2.71;0;0;0.0
27/09/2026;19:37:00;0.315;0.468;241.18;1.32;0;0;0.0
27/09/2026;19:38:00;0.578;0.151;241.45;2.43;0;0;0.0
27/09/2026;19:39:00;0.239;0.331;241.12;1.0;0;0;0.0
27/09/2026;19:40:00;0.56;0.021;238.67;2.35;0;0;0.0
27/09/2026;19:41:00;0.656;0.06;243.3;2.76;0;0;0.0
27/09/2026;19:42:00;0.467;0.195;239.39;1.96;0;0;0.0
27/09/2026;19:43:00;0.626;0.467;239.26;2.63;0;0;0.0
27/09/2026;19:44:00;0.61;0.074;238.81;2.56;0;0;0.0
27/09/2026;19:45:00;0.513;0.293;241.97;2.16;0;0;0.0
27/09/2026;19:46:00;0.512;0.146;241.17;2.15;0;0;0.0
27/09/2026;19:47:00;0.336;0.032;239.23;1.41;0;0;0.0
27/09/2026;19:48:00;0.436;0.221;234.25;1.83;0;0;0.0
27/09/2026;19:49:00;0.333;0.219;240.43;1.4;0;0;0.0
27/09/2026;19:50:00;0.607;0.455;238.63;2.55;0;0;0.0
27/09/2026;19:51:00;0.592;0.08;241.34;2.48;0;0;0.0
27/09/2026;19:52:00;0.403;0.091;239.93;1.69;0;0;0.0
27/09/2026;19:53:00;0.302;0.18;239.12;1.27;0;0;0.0
27/09/2026;19:54:00;0.831;0.451;240.37;3.49;0;0;0.0
27/09/2026;19:55:00;0.28;0.153;237.5;1.18;0;0;0.0
27/09/2026;19:56:00;0.858;0.292;239.02;3.6;0;0;0.0
27/09/2026;19:57:00;0.484;0.236;237.5;2.03;0;0;0.0
27/09/2026;19:58:00;0.428;0.33;239.88;1.8;0;0;0.0
27/09/2026;19:59:00;0.219;0.41;243.12;0.92;0;0;0.0
27/09/2026;20:00:00;0.308;0.163;239.55;1.29;0;0;0.0
27/09/2026;20:01:00;0.6;0.247;240.66;2.52;0;0;0.0
27/09/2026;20:02:00;0.526;0.221;240.37;2.21;0;0;0.0
27/09/2026;20:03:00;0.655;0.295;242.88;2.75;0;0;0.0
27/09/2026;20:04:00;0.117;0.116;240.1;0.49;0;0;0.0
27/09/2026;20:05:00;0.545;0.117;239.2;2.29;0;0;0.0
27/09/2026;20:06:00;0.414;0.183;242.64;1.74;0;0;0.0
27/09/2026;20:07:00;0.295;0.342;238.73;1.24;0;0;0.0
27/09/2026;20:08:00;0.58;0.081;237.17;2.44;0;0;0.0
27/09/2026;20:09:00;0.173;0.109;236.27;0.73;0;0;0.0
27/09/2026;20:10:00;0.813;0.189;241.41;3.42;0;0;0.0
27/09/2026;20:11:00;0.624;0.488;238.62;2.62;0;0;0.0
27/09/2026;20:12:00;0.214;0.355;243.91;0.9;0;0;0.0
27/09/2026;20:13:00;0.604;0.069;235.24;2.54;0;0;0.0
27/09/2026;20:14:00;0.679;0.311;241.93;2.85;0;0;0.0
27/09/2026;20:15:00;0.539;0.475;235.25;2.27;0;0;0.0
27/09/2026;20:16:00;0.628;0.274;239.21;2.64;0;0;0.0
27/09/2026;20:17:00;-0.006;0.454;240.85;-0.02;0;0;0.0
27/09/2026;20:18:00;0.205;0.305;238.76;0.86;0;0;0.0
27/09/2026;20:19:00;0.193;0.429;241.71;0.81;0;0;0.0
27/09/2026;20:20:00;0.636;0.448;239.03;2.67;0;0;0.0
27/09/2026;20:21:00;0.698;0.094;240.12;2.93;0;0;0.0
27/09/2026;20:22:00;0.578;0.318;242.94;2.43;0;0;0.0
27/09/2026;20:23:00;0.504;0.206;239.03;2.12;0;0;0.0
27/09/2026;20:24:00;0.3;0.432;239.21;1.26;0;0;0.0
27/09/2026;20:25:00;0.469;0.198;241.46;1.97;0;0;0.0
27/09/2026;20:26:00;0.49;0.476;238.73;2.06;0;0;0.0
27/09/2026;20:27:00;0.498;0.328;241.31;2.09;0;0;0.0
27/09/2026;20:28:00;0.957;0.174;241.45;4.02;0;0;0.0
27/09/2026;20:29:00;0.509;0.238;241.48;2.14;0;0;0.0
27/09/2026;20:30:00;0.513;0.071;243.03;2.15;0;0;0.0
27/09/2026;20:31:00;0.461;0.246;237.39;1.94;0;0;0.0
27/09/2026;20:32:00;0.65;0.083;237.82;2.73;0;0;0.0
27/09/2026;20:33:00;0.264;0.425;240.78;1.11;0;0;0.0
27/09/2026;20:34:00;0.441;0.247;239.76;1.85;0;0;0.0
27/09/2026;20:35:00;0.368;0.348;244.37;1.54;0;0;0.0
27/09/2026;20:36:00;0.818;0.255;239.24;3.43;0;0;0.0
27/09/2026;20:37:00;0.686;0.368;237.94;2.88;0;0;0.0
27/09/2026;20:38:00;-0.069;0.112;241.15;-0.29;0;0;0.0
27/09/2026;20:39:00;0.154;0.435;238.82;0.65;0;0;0.0
27/09/2026;20:40:00;0.821;0.186;242.03;3.45;0;0;0.0
27/09/2026;20:41:00;0.231;0.273;241.99;0.97;0;0;0.0
27/09/2026;20:42:00;0.299;0.126;240.56;1.26;0;0;0.0
27/09/2026;20:43:00;0.777;0.342;243.85;3.26;0;0;0.0
27/09/2026;20:44:00;0.825;0.243;242.48;3.46;0;0;0.0
27/09/2026;20:45:00;0.295;0.028;239.36;1.24;0;0;0.0
27/09/2026;20:46:00;0.475;0.414;244.02;2.0;0;0;0.0
27/09/2026;20:47:00;0.382;0.095;240.21;1.6;0;0;0.0
27/09/2026;20:48:00;0.596;0.447;237.43;2.5;0;0;0.0
27/09/2026;20:49:00;0.558;0.084;239.29;2.34;0;0;0.0
27/09/2026;20:50:00;0.614;0.136;242.84;2.58;0;0;0.0
27/09/2026;20:51:00;0.296;0.052;240.67;1.24;0;0;0.0
27/09/2026;20:52:00;0.491;0.475;240.56;2.06;0;0;0.0
27/09/2026;20:53:00;0.587;0.314;239.48;2.46;0;0;0.0
27/09/2026;20:54:00;0.318;0.339;238.96;1.33;0;0;0.0
27/09/2026;20:55:00;0.426;0.006;237.27;1.79;0;0;0.0
27/09/2026;20:56:00;0.668;0.341;238.38;2.8;0;0;0.0
27/09/2026;20:57:00;0.424;0.312;240.01;1.78;0;0;0.0
27/09/2026;20:58:00;0.263;0.498;240.61;1.11;0;0;0.0
27/09/2026;20:59:00;0.603;0.394;239.69;2.53;0;0;0.0
27/09/2026;21:00:00;0.405;0.072;238.83;1.7;0;0;0.0
27/09/2026;21:01:00;0.75;0.445;239.69;3.15;0;0;0.0
27/09/2026;21:02:00;0.705;0.043;239.8;2.96;0;0;0.0
27/09/2026;21:03:00;0.596;0.45;239.55;2.5;0;0;0.0
27/09/2026;21:04:00;0.427;0.091;243.2;1.79;0;0;0.0
27/09/2026;21:05:00;0.513;0.274;241.95;2.15;0;0;0.0
27/09/2026;21:06:00;0.175;0.26;242.56;0.74;0;0;0.0
27/09/2026;21:07:00;0.665;0.152;239.53;2.79;0;0;0.0
27/09/2026;21:08:00;0.54;0.267;240.03;2.27;0;0;0.0
27/09/2026;21:09:00;0.449;0.102;243.19;1.89;0;0;0.0
27/09/2026;21:10:00;0.591;0.404;238.93;2.48;0;0;0.0
27/09/2026;21:11:00;0.431;0.26;242.84;1.81;0;0;0.0
27/09/2026;21:12:00;0.515;0.431;241.02;2.16;0;0;0.0
27/09/2026;21:13:00;0.542;0.064;238.59;2.28;0;0;0.0
27/09/2026;21:14:00;0.849;0.336;238.98;3.57;0;0;0.0
27/09/2026;21:15:00;0.609;0.134;241.26;2.56;0;0;0.0
27/09/2026;21:16:00;0.476;0.351;242.59;2.0;0;0;0.0
27/09/2026;21:17:00;0.861;0.267;239.43;3.62;0;0;0.0
27/09/2026;21:18:00;0.176;0.212;238.72;0.74;0;0;0.0
27/09/2026;21:19:00;0.779;0.382;241.95;3.27;0;0;0.0
27/09/2026;21:20:00;0.46;0.437;241.55;1.93;0;0;0.0
27/09/2026;21:21:00;0.553;0.068;240.86;2.32;0;0;0.0
27/09/2026;21:22:00;0.205;0.129;243.62;0.86;0;0;0.0
27/09/2026;21:23:00;0.586;0.346;240.57;2.46;0;0;0.0
27/09/2026;21:24:00;0.12;0.206;239.61;0.5;0;0;0.0
27/09/2026;21:25:00;0.217;0.174;235.7;0.91;0;0;0.0
27/09/2026;21:26:00;0.602;0.147;238.78;2.53;0;0;0.0
27/09/2026;21:27:00;0.965;0.154;239.51;4.05;0;0;0.0
27/09/2026;21:28:00;0.373;0.396;241.17;1.57;0;0;0.0
27/09/2026;21:29:00;0.66;0.003;240.56;2.77;0;0;0.0
27/09/2026;21:30:00;0.471;0.411;240.27;1.98;0;0;0.0
27/09/2026;21:31:00;0.36;0.371;241.96;1.51;0;0;0.0
27/09/2026;21:32:00;0.316;0.405;242.87;1.33;0;0;0.0
27/09/2026;21:33:00;0.724;0.271;239.67;3.04;0;0;0.0
27/09/2026;21:34:00;0.301;0.365;242.88;1.26;0;0;0.0
27/09/2026;21:35:00;0.238;0.162;237.03;1.0;0;0;0.0
27/09/2026;21:36:00;0.239;0.456;239.04;1.0;0;0;0.0
27/09/2026;21:37:00;0.263;0.112;241.56;1.1;0;0;0.0
27/09/2026;21:38:00;0.693;0.334;240.92;2.91;0;0;0.0
27/09/2026;21:39:00;0.638;0.221;238.43;2.68;0;0;0.0
27/09/2026;21:40:00;0.764;0.448;237.88;3.21;0;0;0.0
27/09/2026;21:41:00;0.312;0.393;241.34;1.31;0;0;0.0
27/09/2026;21:42:00;0.42;0.398;237.75;1.76;0;0;0.0
27/09/2026;21:43:00;0.63;0.37;237.98;2.65;0;0;0.0
27/09/2026;21:44:00;0.681;0.316;239.93;2.86;0;0;0.0
27/09/2026;21:45:00;0.345;0.223;240.22;1.45;0;0;0.0
27/09/2026;21:46:00;0.447;0.073;239.14;1.88;0;0;0.0
27/09/2026;21:47:00;0.353;0.16;240.88;1.48;0;0;0.0
27/09/2026;21:48:00;0.703;0.027;241.09;2.95;0;0;0.0
27/09/2026;21:49:00;0.62;0.078;238.28;2.61;0;0;0.0
27/09/2026;21:50:00;0.511;0.19;237.63;2.15;0;0;0.0
27/09/2026;21:51:00;0.234;0.352;241.4;0.98;0;0;0.0
27/09/2026;21:52:00;0.756;0.176;242.52;3.18;0;0;0.0
27/09/2026;21:53:00;0.284;0.41;236.79;1.19;0;0;0.0
27/09/2026;21:54:00;0.259;0.276;240.68;1.09;0;0;0.0
27/09/2026;21:55:00;0.69;0.483;240.21;2.9;0;0;0.0
27/09/2026;21:56:00;0.628;0.284;239.26;2.64;0;0;0.0
27/09/2026;21:57:00;0.664;0.07;239.41;2.79;0;0;0.0
27/09/2026;21:58:00;0.661;0.152;240.68;2.78;0;0;0.0
27/09/2026;21:59:00;0.277;0.337;239.06;1.17;0;0;0.0
27/09/2026;22:00:00;0.536;0.369;238.82;2.25;0;0;0.0
27/09/2026;22:01:00;0.429;0.145;238.24;1.8;0;0;0.0
27/09/2026;22:02:00;0.877;0.018;238.22;3.69;0;0;0.0
27/09/2026;22:03:00;0.639;0.129;237.41;2.68;0;0;0.0
27/09/2026;22:04:00;0.538;0.197;241.36;2.26;0;0;0.0
27/09/2026;22:05:00;0.253;0.233;241.43;1.06;0;0;0.0
27/09/2026;22:06:00;0.514;0.027;242.27;2.16;0;0;0.0
27/09/2026;22:07:00;0.56;0.371;240.77;2.35;0;0;0.0
27/09/2026;22:08:00;0.33;0.118;239.54;1.39;0;0;0.0
27/09/2026;22:09:00;0.371;0.455;238.61;1.56;0;0;0.0
27/09/2026;22:10:00;0.541;0.276;236.75;2.27;0;0;0.0
27/09/2026;22:11:00;0.476;0.097;239.37;2.0;0;0;0.0
27/09/2026;22:12:00;0.574;0.329;238.47;2.41;0;0;0.0
27/09/2026;22:13:00;0.674;0.384;239.63;2.83;0;0;0.0
27/09/2026;22:14:00;1.099;0.026;241.76;4.62;0;0;0.0
27/09/2026;22:15:00;0.659;0.015;240.6;2.77;0;0;0.0
27/09/2026;22:16:00;0.624;0.238;241.25;2.62;0;0;0.0
27/09/2026;22:17:00;0.571;0.035;237.8;2.4;0;0;0.0
27/09/2026;22:18:00;0.52;0.157;239.87;2.18;0;0;0.0
27/09/2026;22:19:00;0.286;0.458;240.13;1.2;0;0;0.0
27/09/2026;22:20:00;0.664;0.254;242.4;2.79;0;0;0.0
27/09/2026;22:21:00;0.423;0.327;239.67;1.78;0;0;0.0
27/09/2026;22:22:00;0.654;0.124;240.42;2.75;0;0;0.0
27/09/2026;22:23:00;0.481;0.098;240.18;2.02;0;0;0.0
27/09/2026;22:24:00;0.725;0.07;239.49;3.05;0;0;0.0
27/09/2026;22:25:00;0.449;0.249;240.93;1.89;0;0;0.0
27/09/2026;22:26:00;0.658;0.497;243.27;2.76;0;0;0.0
27/09/2026;22:27:00;0.787;0.326;239.36;3.31;0;0;0.0
27/09/2026;22:28:00;0.199;0.11;239.37;0.84;0;0;0.0
27/09/2026;22:29:00;0.093;0.307;242.14;0.39;0;0;0.0
27/09/2026;22:30:00;0.644;0.156;240.65;2.71;0;0;0.0
27/09/2026;22:31:00;0.307;0.465;240.42;1.29;0;0;0.0
27/09/2026;22:32:00;0.574;0.083;244.93;2.41;0;0;0.0
27/09/2026;22:33:00;0.236;0.411;236.44;0.99;0;0;0.0
27/09/2026;22:34:00;0.616;0.213;241.44;2.59;0;0;0.0
27/09/2026;22:35:00;0.486;0.327;240.36;2.04;0;0;0.0
27/09/2026;22:36:00;0.465;0.465;240.63;1.95;0;0;0.0
27/09/2026;22:37:00;0.497;0.487;240.71;2.09;0;0;0.0
27/09/2026;22:38:00;0.462;0.202;240.75;1.94;0;0;0.0
27/09/2026;22:39:00;0.493;0.311;241.39;2.07;0;0;0.0
27/09/2026;22:40:00;0.324;0.484;237.18;1.36;0;0;0.0
27/09/2026;22:41:00;0.613;0.044;239.42;2.57;0;0;0.0
27/09/2026;22:42:00;0.418;0.03;239.63;1.76;0;0;0.0
27/09/2026;22:43:00;0.495;0.274;238.63;2.08;0;0;0.0
27/09/2026;22:44:00;0.286;0.07;241.19;1.2;0;0;0.0
27/09/2026;22:45:00;0.775;0.338;239.03;3.25;0;0;0.0
27/09/2026;22:46:00;0.684;0.466;241.51;2.87;0;0;0.0
27/09/2026;22:47:00;0.366;0.465;241.04;1.54;0;0;0.0
27/09/2026;22:48:00;0.599;0.075;238.37;2.51;0;0;0.0
27/09/2026;22:49:00;0.695;0.254;240.47;2.92;0;0;0.0
27/09/2026;22:50:00;0.476;0.1;243.25;2.0;0;0;0.0
27/09/2026;22:51:00;0.546;0.158;238.74;2.29;0;0;0.0
27/09/2026;22:52:00;0.659;0.173;241.27;2.77;0;0;0.0
27/09/2026;22:53:00;0.508;0.482;241.92;2.13;0;0;0.0
27/09/2026;22:54:00;0.347;0.324;236.59;1.46;0;0;0.0
27/09/2026;22:55:00;0.353;0.242;239.35;1.48;0;0;0.0
27/09/2026;22:56:00;0.59;0.06;240.91;2.48;0;0;0.0
27/09/2026;22:57:00;0.26;0.179;237.71;1.09;0;0;0.0
27/09/2026;22:58:00;0.377;0.254;239.99;1.58;0;0;0.0
27/09/2026;22:59:00;0.605;0.05;239.1;2.54;0;0;0.0
27/09/2026;23:00:00;0.424;0.403;238.53;1.78;0;0;0.0
27/09/2026;23:01:00;0.484;0.494;239.84;2.03;0;0;0.0
27/09/2026;23:02:00;0.594;0.24;239.03;2.5;0;0;0.0
27/09/2026;23:03:00;0.183;0.025;238.22;0.77;0;0;0.0
27/09/2026;23:04:00;0.261;0.153;243.11;1.1;0;0;0.0
27/09/2026;23:05:00;0.045;0.46;243.6;0.19;0;0;0.0
27/09/2026;23:06:00;0.614;0.103;240.34;2.58;0;0;0.0
27/09/2026;23:07:00;0.607;0.258;237.97;2.55;0;0;0.0
27/09/2026;23:08:00;0.276;0.334;238.22;1.16;0;0;0.0
27/09/2026;23:09:00;0.825;0.043;238.49;3.46;0;0;0.0
27/09/2026;23:10:00;0.381;0.307;240.12;1.6;0;0;0.0
27/09/2026;23:11:00;0.854;0.232;240.52;3.59;0;0;0.0
27/09/2026;23:12:00;0.751;0.062;240.1;3.16;0;0;0.0
27/09/2026;23:13:00;0.822;0.385;237.78;3.45;0;0;0.0
27/09/2026;23:14:00;0.415;0.238;238.57;1.74;0;0;0.0
27/09/2026;23:15:00;0.528;0.406;239.53;2.22;0;0;0.0
27/09/2026;23:16:00;0.356;0.251;241.49;1.49;0;0;0.0
27/09/2026;23:17:00;0.692;0.291;236.42;2.91;0;0;0.0
27/09/2026;23:18:00;0.303;0.016;241.43;1.27;0;0;0.0
27/09/2026;23:19:00;0.687;0.184;237.71;2.88;0;0;0.0
27/09/2026;23:20:00;0.775;0.192;243.24;3.26;0;0;0.0
27/09/2026;23:21:00;0.692;0.425;240.87;2.91;0;0;0.0
27/09/2026;23:22:00;0.328;0.159;239.62;1.38;0;0;0.0
27/09/2026;23:23:00;0.392;0.149;239.37;1.64;0;0;0.0
27/09/2026;23:24:00;0.347;0.281;237.1;1.46;0;0;0.0
27/09/2026;23:25:00;0.529;0.12;239.06;2.22;0;0;0.0
27/09/2026;23:26:00;0.6;0.163;239.18;2.52;0;0;0.0
27/09/2026;23:27:00;0.301;0.309;238.66;1.27;0;0;0.0
27/09/2026;23:28:00;0.324;0.057;241.32;1.36;0;0;0.0
27/09/2026;23:29:00;0.356;0.165;243.65;1.5;0;0;0.0
27/09/2026;23:30:00;0.426;0.491;239.56;1.79;0;0;0.0
27/09/2026;23:31:00;0.66;0.09;239.75;2.77;0;0;0.0
27/09/2026;23:32:00;0.328;0.344;242.13;1.38;0;0;0.0
27/09/2026;23:33:00;0.769;0.051;241.52;3.23;0;0;0.0
27/09/2026;23:34:00;0.345;0.498;240.51;1.45;0;0;0.0
27/09/2026;23:35:00;0.212;0.418;240.66;0.89;0;0;0.0
27/09/2026;23:36:00;0.507;0.025;240.99;2.13;0;0;0.0
27/09/2026;23:37:00;0.677;0.144;242.04;2.84;0;0;0.0
27/09/2026;23:38:00;0.751;0.007;238.76;3.15;0;0;0.0
27/09/2026;23:39:00;0.506;0.184;237.14;2.13;0;0;0.0
27/09/2026;23:40:00;0.325;0.201;239.91;1.37;0;0;0.0
27/09/2026;23:41:00;0.752;0.39;239.33;3.16;0;0;0.0
27/09/2026;23:42:00;0.339;0.256;241.86;1.43;0;0;0.0
27/09/2026;23:43:00;0.729;0.272;241.37;3.06;0;0;0.0
27/09/2026;23:44:00;0.876;0.019;240.44;3.68;0;0;0.0
27/09/2026;23:45:00;0.745;0.288;242.03;3.13;0;0;0.0
27/09/2026;23:46:00;0.096;0.287;238.89;0.4;0;0;0.0
27/09/2026;23:47:00;0.403;0.451;238.99;1.69;0;0;0.0
27/09/2026;23:48:00;0.885;0.078;240.69;3.72;0;0;0.0
27/09/2026;23:49:00;0.443;0.493;241.75;1.86;0;0;0.0
27/09/2026;23:50:00;0.588;0.122;241.62;2.47;0;0;0.0
27/09/2026;23:51:00;0.358;0.024;241.6;1.51;0;0;0.0
27/09/2026;23:52:00;0.43;0.076;242.59;1.8;0;0;0.0
27/09/2026;23:53:00;0.735;0.351;238.46;3.09;0;0;0.0
27/09/2026;23:54:00;0.205;0.127;241.25;0.86;0;0;0.0
27/09/2026;23:55:00;0.361;0.281;241.69;1.52;0;0;0.0
27/09/2026;23:56:00;0.455;0.33;241.91;1.91;0;0;0.0
27/09/2026;23:57:00;0.575;0.025;244.31;2.42;0;0;0.0
27/09/2026;23:58:00;0.391;0.361;235.57;1.64;0;0;0.0
27/09/2026;23:59:00;0.591;0.031;243.01;2.48;0;0;0.0
